<?xml version="1.0" encoding="UTF-8"?>
<metadata xml:lang="en"><Esri><CreaDate>20240911</CreaDate><CreaTime>13523700</CreaTime><ArcGISFormat>1.0</ArcGISFormat><SyncOnce>FALSE</SyncOnce><DataProperties><lineage><Process ToolSource="D:\ArcGIS\Desktop10.0\ArcToolbox\Toolboxes\Data Management Tools.tbx\UnregisterAsVersioned" Date="20130621" Time="150335">UnregisterAsVersioned D:\Database\DirectConnect\EGDB\EGDP6-egd_mtnc.sde\EGD_MTNC.PD\EGD_MTNC.FED_A KEEP_EDIT NO_COMPRESS_DEFAULT</Process><Process ToolSource="D:\ArcGIS\Desktop10.0\ArcToolbox\Toolboxes\Data Management Tools.tbx\DeleteRows" Date="20130621" Time="150411">DeleteRows D:\Database\DirectConnect\EGDB\EGDP6-egd_mtnc.sde\EGD_MTNC.PD\EGD_MTNC.FED_A</Process><Process Name="4) Remove Join Table &lt;&lt;FED_PROV)" ToolSource="D:\Desktop10.0\ArcToolbox\Toolboxes\Data Management Tools.tbx\RemoveJoin" Date="20141014" Time="083350">RemoveJoin EGD_MTNC.FED_A FED_PROV</Process><Process Name="4) Remove Join Table &lt;&lt;FED_PROV)" ToolSource="D:\Desktop10.0\ArcToolbox\Toolboxes\Data Management Tools.tbx\RemoveJoin" Date="20141014" Time="090935">RemoveJoin EGD_MTNC_FED_A FED_PROV</Process><Process Name="4) Remove Join Table &lt;&lt;FED_PROV)" ToolSource="D:\Desktop10.0\ArcToolbox\Toolboxes\Data Management Tools.tbx\RemoveJoin" Date="20141014" Time="091157">RemoveJoin EGD_MTNC_FED_A FED_PROV</Process><Process Name="4) Remove Join Table &lt;&lt;FED_PROV)" ToolSource="D:\Desktop10.0\ArcToolbox\Toolboxes\Data Management Tools.tbx\RemoveJoin" Date="20141014" Time="091455">RemoveJoin EGD_MTNC_FED_A FED_PROV</Process><Process Name="4) Remove Join Table &lt;&lt;FED_PROV)" ToolSource="D:\Desktop10.0\ArcToolbox\Toolboxes\Data Management Tools.tbx\RemoveJoin" Date="20141014" Time="111856">RemoveJoin EGD_MTNC_FED_A FED_PROV</Process><Process Name="4) Remove Join Table &lt;&lt;FED_PROV)" ToolSource="D:\Desktop10.0\ArcToolbox\Toolboxes\Data Management Tools.tbx\RemoveJoin" Date="20141014" Time="112204">RemoveJoin EGD_MTNC_FED_A FED_PROV</Process><Process Name="4) Remove Join Table &lt;&lt;FED_PROV)" ToolSource="D:\Desktop10.0\ArcToolbox\Toolboxes\Data Management Tools.tbx\RemoveJoin" Date="20141014" Time="112836">RemoveJoin EGD_MTNC_FED_A FED_PROV</Process><Process Name="4) Remove Join Table &lt;&lt;FED_PROV)" ToolSource="D:\Desktop10.0\ArcToolbox\Toolboxes\Data Management Tools.tbx\RemoveJoin" Date="20141014" Time="113701">RemoveJoin EGD_MTNC_FED_A FED_PROV</Process><Process Name="4) Remove Join Table &lt;&lt;FED_PROV)" ToolSource="D:\Desktop10.0\ArcToolbox\Toolboxes\Data Management Tools.tbx\RemoveJoin" Date="20141014" Time="115650">RemoveJoin EGD_MTNC_FED_A FED_PROV</Process><Process Name="4) Remove Join Table &lt;&lt;FED_PROV)" ToolSource="D:\Desktop10.0\ArcToolbox\Toolboxes\Data Management Tools.tbx\RemoveJoin" Date="20141014" Time="130301">RemoveJoin EGD_MTNC_FED_A FED_PROV</Process><Process Name="4) Remove Join Table &lt;&lt;FED_PROV)" ToolSource="D:\Desktop10.0\ArcToolbox\Toolboxes\Data Management Tools.tbx\RemoveJoin" Date="20141014" Time="131952">RemoveJoin EGD_MTNC_FED_A FED_PROV</Process><Process Name="4) Remove Join Table &lt;&lt;FED_PROV)" ToolSource="D:\Desktop10.0\ArcToolbox\Toolboxes\Data Management Tools.tbx\RemoveJoin" Date="20141014" Time="132623">RemoveJoin EGD_MTNC_FED_A FED_PROV</Process><Process Name="4) Remove Join Table &lt;&lt;FED_PROV)" ToolSource="D:\Desktop10.0\ArcToolbox\Toolboxes\Data Management Tools.tbx\RemoveJoin" Date="20141014" Time="133252">RemoveJoin EGD_MTNC_FED_A FED_PROV</Process><Process Name="4) Remove Join Table &lt;&lt;FED_PROV)" ToolSource="D:\Desktop10.0\ArcToolbox\Toolboxes\Data Management Tools.tbx\RemoveJoin" Date="20141014" Time="134327">RemoveJoin EGD_MTNC_FED_A FED_PROV</Process><Process Name="4) Remove Join Table &lt;&lt;FED_PROV)" ToolSource="D:\Desktop10.0\ArcToolbox\Toolboxes\Data Management Tools.tbx\RemoveJoin" Date="20141014" Time="134927">RemoveJoin EGD_MTNC_FED_A FED_PROV</Process><Process Name="4) Remove Join Table &lt;&lt;FED_PROV)" ToolSource="D:\Desktop10.0\ArcToolbox\Toolboxes\Data Management Tools.tbx\RemoveJoin" Date="20141014" Time="135344">RemoveJoin EGD_MTNC_FED_A FED_PROV</Process><Process Name="4) Remove Join Table &lt;&lt;FED_PROV)" ToolSource="D:\Desktop10.0\ArcToolbox\Toolboxes\Data Management Tools.tbx\RemoveJoin" Date="20141014" Time="135823">RemoveJoin EGD_MTNC_FED_A FED_PROV</Process><Process Name="4) Remove Join Table &lt;&lt;FED_PROV)" ToolSource="D:\Desktop10.0\ArcToolbox\Toolboxes\Data Management Tools.tbx\RemoveJoin" Date="20141014" Time="140227">RemoveJoin EGD_MTNC_FED_A FED_PROV</Process><Process Name="4) Remove Join Table &lt;&lt;FED_PROV)" ToolSource="D:\Desktop10.0\ArcToolbox\Toolboxes\Data Management Tools.tbx\RemoveJoin" Date="20141014" Time="140628">RemoveJoin EGD_MTNC_FED_A FED_PROV</Process><Process Name="4) Remove Join Table &lt;&lt;FED_PROV)" ToolSource="D:\Desktop10.0\ArcToolbox\Toolboxes\Data Management Tools.tbx\RemoveJoin" Date="20141014" Time="141003">RemoveJoin EGD_MTNC_FED_A FED_PROV</Process><Process Name="4) Remove Join Table &lt;&lt;FED_PROV)" ToolSource="D:\Desktop10.0\ArcToolbox\Toolboxes\Data Management Tools.tbx\RemoveJoin" Date="20141014" Time="142645">RemoveJoin EGD_MTNC_FED_A FED_PROV</Process><Process Name="4) Remove Join Table &lt;&lt;FED_PROV)" ToolSource="D:\Desktop10.0\ArcToolbox\Toolboxes\Data Management Tools.tbx\RemoveJoin" Date="20141014" Time="143326">RemoveJoin EGD_MTNC_FED_A FED_PROV</Process><Process Name="4) Remove Join Table &lt;&lt;FED_PROV)" ToolSource="D:\Desktop10.0\ArcToolbox\Toolboxes\Data Management Tools.tbx\RemoveJoin" Date="20141014" Time="152300">RemoveJoin EGD_MTNC_FED_A FED_PROV</Process><Process Name="4) Remove Join Table &lt;&lt;FED_PROV)" ToolSource="D:\Desktop10.0\ArcToolbox\Toolboxes\Data Management Tools.tbx\RemoveJoin" Date="20141015" Time="075814">RemoveJoin EGD_MTNC_FED_A FED_PROV</Process><Process Name="4) Remove Join Table &lt;&lt;FED_PROV)" ToolSource="D:\Desktop10.0\ArcToolbox\Toolboxes\Data Management Tools.tbx\RemoveJoin" Date="20141015" Time="100718">RemoveJoin EGD_MTNC_FED_A FED_PROV</Process><Process Name="4) Remove Join Table &lt;&lt;FED_PROV)" ToolSource="D:\Desktop10.0\ArcToolbox\Toolboxes\Data Management Tools.tbx\RemoveJoin" Date="20141015" Time="103516">RemoveJoin EGD_MTNC_FED_A FED_PROV</Process><Process Name="4) Remove Join Table &lt;&lt;FED_PROV)" ToolSource="D:\Desktop10.0\ArcToolbox\Toolboxes\Data Management Tools.tbx\RemoveJoin" Date="20141015" Time="103725">RemoveJoin EGD_MTNC_FED_A FED_PROV</Process><Process Name="4) Remove Join Table &lt;&lt;FED_PROV)" ToolSource="D:\Desktop10.0\ArcToolbox\Toolboxes\Data Management Tools.tbx\RemoveJoin" Date="20141015" Time="104131">RemoveJoin EGD_MTNC_FED_A FED_PROV</Process><Process Name="4) Remove Join Table &lt;&lt;FED_PROV)" ToolSource="D:\Desktop10.0\ArcToolbox\Toolboxes\Data Management Tools.tbx\RemoveJoin" Date="20141015" Time="104525">RemoveJoin EGD_MTNC_FED_A FED_PROV</Process><Process Name="4) Remove Join Table &lt;&lt;FED_PROV)" ToolSource="D:\Desktop10.0\ArcToolbox\Toolboxes\Data Management Tools.tbx\RemoveJoin" Date="20141015" Time="110821">RemoveJoin EGD_MTNC_FED_A FED_PROV</Process><Process Name="4) Remove Join Table &lt;&lt;FED_PROV)" ToolSource="D:\Desktop10.0\ArcToolbox\Toolboxes\Data Management Tools.tbx\RemoveJoin" Date="20141015" Time="111017">RemoveJoin EGD_MTNC_FED_A FED_PROV</Process><Process Name="4) Remove Join Table &lt;&lt;FED_PROV)" ToolSource="D:\Desktop10.0\ArcToolbox\Toolboxes\Data Management Tools.tbx\RemoveJoin" Date="20141015" Time="113026">RemoveJoin EGD_MTNC_FED_A FED_PROV</Process><Process Name="4) Remove Join Table &lt;&lt;FED_PROV)" ToolSource="D:\Desktop10.0\ArcToolbox\Toolboxes\Data Management Tools.tbx\RemoveJoin" Date="20141015" Time="113628">RemoveJoin EGD_MTNC_FED_A FED_PROV</Process><Process Name="4) Remove Join Table &lt;&lt;FED_PROV)" ToolSource="D:\Desktop10.0\ArcToolbox\Toolboxes\Data Management Tools.tbx\RemoveJoin" Date="20141015" Time="154334">RemoveJoin EGD_MTNC_FED_A FED_PROV</Process><Process Name="4) Remove Join Table &lt;&lt;FED_PROV)" ToolSource="D:\Desktop10.0\ArcToolbox\Toolboxes\Data Management Tools.tbx\RemoveJoin" Date="20141016" Time="095854">RemoveJoin EGD_MTNC_FED_A FED_PROV</Process><Process Name="4) Remove Join Table &lt;&lt;FED_PROV)" ToolSource="D:\Desktop10.0\ArcToolbox\Toolboxes\Data Management Tools.tbx\RemoveJoin" Date="20141016" Time="101143">RemoveJoin EGD_MTNC_FED_A FED_PROV</Process><Process Name="4) Remove Join Table &lt;&lt;FED_PROV)" ToolSource="D:\Desktop10.0\ArcToolbox\Toolboxes\Data Management Tools.tbx\RemoveJoin" Date="20141016" Time="103250">RemoveJoin EGD_MTNC_FED_A FED_PROV</Process><Process Name="4) Remove Join Table &lt;&lt;FED_PROV)" ToolSource="D:\Desktop10.0\ArcToolbox\Toolboxes\Data Management Tools.tbx\RemoveJoin" Date="20141017" Time="083019">RemoveJoin EGD_MTNC_FED_A FED_PROV</Process><Process Name="4) Remove Join Table &lt;&lt;FED_PROV)" ToolSource="D:\Desktop10.0\ArcToolbox\Toolboxes\Data Management Tools.tbx\RemoveJoin" Date="20141017" Time="084028">RemoveJoin EGD_MTNC_FED_A FED_PROV</Process><Process Name="4) Remove Join Table &lt;&lt;FED_PROV)" ToolSource="D:\Desktop10.0\ArcToolbox\Toolboxes\Data Management Tools.tbx\RemoveJoin" Date="20141017" Time="092916">RemoveJoin EGD_MTNC_FED_A FED_PROV</Process><Process Name="4) Remove Join Table &lt;&lt;FED_PROV)" ToolSource="D:\Desktop10.0\ArcToolbox\Toolboxes\Data Management Tools.tbx\RemoveJoin" Date="20141017" Time="152731">RemoveJoin EGD_MTNC_FED_A FED_PROV</Process><Process Name="4) Remove Join Table &lt;&lt;FED_PROV)" ToolSource="D:\Desktop10.0\ArcToolbox\Toolboxes\Data Management Tools.tbx\RemoveJoin" Date="20141020" Time="090619">RemoveJoin EGD_MTNC_FED_A FED_PROV</Process><Process Name="4) Remove Join Table &lt;&lt;FED_PROV)" ToolSource="D:\Desktop10.0\ArcToolbox\Toolboxes\Data Management Tools.tbx\RemoveJoin" Date="20141020" Time="091427">RemoveJoin EGD_MTNC_FED_A FED_PROV</Process><Process Name="4) Remove Join Table &lt;&lt;FED_PROV)" ToolSource="D:\Desktop10.0\ArcToolbox\Toolboxes\Data Management Tools.tbx\RemoveJoin" Date="20141020" Time="095950">RemoveJoin EGD_MTNC_FED_A FED_PROV</Process><Process Name="4) Remove Join Table &lt;&lt;FED_PROV)" ToolSource="D:\Desktop10.0\ArcToolbox\Toolboxes\Data Management Tools.tbx\RemoveJoin" Date="20141020" Time="110807">RemoveJoin EGD_MTNC_FED_A FED_PROV</Process><Process Name="4) Remove Join Table &lt;&lt;FED_PROV)" ToolSource="D:\Desktop10.0\ArcToolbox\Toolboxes\Data Management Tools.tbx\RemoveJoin" Date="20141020" Time="115233">RemoveJoin EGD_MTNC_FED_A FED_PROV</Process><Process Name="4) Remove Join Table &lt;&lt;FED_PROV)" ToolSource="D:\Desktop10.0\ArcToolbox\Toolboxes\Data Management Tools.tbx\RemoveJoin" Date="20141020" Time="124426">RemoveJoin EGD_MTNC_FED_A FED_PROV</Process><Process Name="4) Remove Join Table &lt;&lt;FED_PROV)" ToolSource="D:\Desktop10.0\ArcToolbox\Toolboxes\Data Management Tools.tbx\RemoveJoin" Date="20141020" Time="125050">RemoveJoin EGD_MTNC_FED_A FED_PROV</Process><Process Name="4) Remove Join Table &lt;&lt;FED_PROV)" ToolSource="D:\Desktop10.0\ArcToolbox\Toolboxes\Data Management Tools.tbx\RemoveJoin" Date="20141020" Time="125610">RemoveJoin EGD_MTNC_FED_A FED_PROV</Process><Process Name="4) Remove Join Table &lt;&lt;FED_PROV)" ToolSource="D:\Desktop10.0\ArcToolbox\Toolboxes\Data Management Tools.tbx\RemoveJoin" Date="20141020" Time="130626">RemoveJoin EGD_MTNC_FED_A FED_PROV</Process><Process Name="4) Remove Join Table &lt;&lt;FED_PROV)" ToolSource="D:\Desktop10.0\ArcToolbox\Toolboxes\Data Management Tools.tbx\RemoveJoin" Date="20141020" Time="130947">RemoveJoin EGD_MTNC_FED_A FED_PROV</Process><Process Name="4) Remove Join Table &lt;&lt;FED_PROV)" ToolSource="D:\Desktop10.0\ArcToolbox\Toolboxes\Data Management Tools.tbx\RemoveJoin" Date="20141020" Time="132019">RemoveJoin EGD_MTNC_FED_A FED_PROV</Process><Process Name="4) Remove Join Table &lt;&lt;FED_PROV)" ToolSource="D:\Desktop10.0\ArcToolbox\Toolboxes\Data Management Tools.tbx\RemoveJoin" Date="20141020" Time="133019">RemoveJoin EGD_MTNC_FED_A FED_PROV</Process><Process Name="4) Remove Join Table &lt;&lt;FED_PROV)" ToolSource="D:\Desktop10.0\ArcToolbox\Toolboxes\Data Management Tools.tbx\RemoveJoin" Date="20141020" Time="133405">RemoveJoin EGD_MTNC_FED_A FED_PROV</Process><Process Name="4) Remove Join Table &lt;&lt;FED_PROV)" ToolSource="D:\Desktop10.0\ArcToolbox\Toolboxes\Data Management Tools.tbx\RemoveJoin" Date="20141020" Time="135956">RemoveJoin EGD_MTNC_FED_A FED_PROV</Process><Process Name="4) Remove Join Table &lt;&lt;FED_PROV)" ToolSource="D:\Desktop10.0\ArcToolbox\Toolboxes\Data Management Tools.tbx\RemoveJoin" Date="20141020" Time="143323">RemoveJoin EGD_MTNC_FED_A FED_PROV</Process><Process Name="4) Remove Join Table &lt;&lt;FED_PROV)" ToolSource="D:\Desktop10.0\ArcToolbox\Toolboxes\Data Management Tools.tbx\RemoveJoin" Date="20141020" Time="143945">RemoveJoin EGD_MTNC_FED_A FED_PROV</Process><Process Name="4) Remove Join Table &lt;&lt;FED_PROV)" ToolSource="D:\Desktop10.0\ArcToolbox\Toolboxes\Data Management Tools.tbx\RemoveJoin" Date="20141020" Time="145630">RemoveJoin EGD_MTNC_FED_A FED_PROV</Process><Process Name="4) Remove Join Table &lt;&lt;FED_PROV)" ToolSource="D:\Desktop10.0\ArcToolbox\Toolboxes\Data Management Tools.tbx\RemoveJoin" Date="20141020" Time="152929">RemoveJoin EGD_MTNC_FED_A FED_PROV</Process><Process Name="4) Remove Join Table &lt;&lt;FED_PROV)" ToolSource="D:\Desktop10.0\ArcToolbox\Toolboxes\Data Management Tools.tbx\RemoveJoin" Date="20141022" Time="082710">RemoveJoin EGD_MTNC_FED_A FED_PROV</Process><Process Name="4) Remove Join Table &lt;&lt;FED_PROV)" ToolSource="D:\Desktop10.0\ArcToolbox\Toolboxes\Data Management Tools.tbx\RemoveJoin" Date="20141022" Time="084043">RemoveJoin EGD_MTNC_FED_A FED_PROV</Process><Process Name="4) Remove Join Table &lt;&lt;FED_PROV)" ToolSource="D:\Desktop10.0\ArcToolbox\Toolboxes\Data Management Tools.tbx\RemoveJoin" Date="20141022" Time="084559">RemoveJoin EGD_MTNC_FED_A FED_PROV</Process><Process Name="4) Remove Join Table &lt;&lt;FED_PROV)" ToolSource="D:\Desktop10.0\ArcToolbox\Toolboxes\Data Management Tools.tbx\RemoveJoin" Date="20141022" Time="090607">RemoveJoin EGD_MTNC_FED_A FED_PROV</Process><Process Name="4) Remove Join Table &lt;&lt;FED_PROV)" ToolSource="D:\Desktop10.0\ArcToolbox\Toolboxes\Data Management Tools.tbx\RemoveJoin" Date="20141022" Time="091200">RemoveJoin EGD_MTNC_FED_A FED_PROV</Process><Process Name="4) Remove Join Table &lt;&lt;FED_PROV)" ToolSource="D:\Desktop10.0\ArcToolbox\Toolboxes\Data Management Tools.tbx\RemoveJoin" Date="20141022" Time="091511">RemoveJoin EGD_MTNC_FED_A FED_PROV</Process><Process Name="4) Remove Join Table &lt;&lt;FED_PROV)" ToolSource="D:\Desktop10.0\ArcToolbox\Toolboxes\Data Management Tools.tbx\RemoveJoin" Date="20141022" Time="100021">RemoveJoin EGD_MTNC_FED_A FED_PROV</Process><Process Name="4) Remove Join Table &lt;&lt;FED_PROV)" ToolSource="D:\Desktop10.0\ArcToolbox\Toolboxes\Data Management Tools.tbx\RemoveJoin" Date="20141022" Time="101856">RemoveJoin EGD_MTNC_FED_A FED_PROV</Process><Process Name="4) Remove Join Table &lt;&lt;FED_PROV)" ToolSource="D:\Desktop10.0\ArcToolbox\Toolboxes\Data Management Tools.tbx\RemoveJoin" Date="20141022" Time="111150">RemoveJoin EGD_MTNC_FED_A FED_PROV</Process><Process Name="4) Remove Join Table &lt;&lt;FED_PROV_ID_ABR&gt;&gt;" ToolSource="D:\Desktop10.0\ArcToolbox\Toolboxes\Data Management Tools.tbx\RemoveJoin" Date="20141022" Time="121135">RemoveJoin EGD_MTNC_FED_A FED_PROV_ID_ABR</Process><Process Name="4) Remove Join Table &lt;&lt;FED_PROV_ID_ABR&gt;&gt;" ToolSource="D:\Desktop10.0\ArcToolbox\Toolboxes\Data Management Tools.tbx\RemoveJoin" Date="20141022" Time="121620">RemoveJoin EGD_MTNC_FED_A FED_PROV_ID_ABR</Process><Process Name="4) Remove Join Table &lt;&lt;FED_PROV_ID_ABR&gt;&gt;" ToolSource="D:\Desktop10.0\ArcToolbox\Toolboxes\Data Management Tools.tbx\RemoveJoin" Date="20141022" Time="121749">RemoveJoin EGD_MTNC_FED_A FED_PROV_ID_ABR</Process><Process Name="4) Remove Join Table &lt;&lt;FED_PROV_ID_ABR&gt;&gt;" ToolSource="D:\Desktop10.0\ArcToolbox\Toolboxes\Data Management Tools.tbx\RemoveJoin" Date="20141022" Time="123719">RemoveJoin EGD_MTNC_FED_A FED_PROV_ID_ABR</Process><Process Name="4) Remove Join Table &lt;&lt;FED_PROV_ID_ABR&gt;&gt;" ToolSource="D:\Desktop10.0\ArcToolbox\Toolboxes\Data Management Tools.tbx\RemoveJoin" Date="20141022" Time="140210">RemoveJoin EGD_MTNC_FED_A FED_PROV_ID_ABR</Process><Process Name="4) Remove Join Table &lt;&lt;FED_PROV_ID_ABR&gt;&gt;" ToolSource="D:\Desktop10.0\ArcToolbox\Toolboxes\Data Management Tools.tbx\RemoveJoin" Date="20141022" Time="142539">RemoveJoin EGD_MTNC_FED_A FED_PROV_ID_ABR</Process><Process Name="4) Remove Join Table &lt;&lt;FED_PROV_ID_ABR&gt;&gt;" ToolSource="D:\Desktop10.0\ArcToolbox\Toolboxes\Data Management Tools.tbx\RemoveJoin" Date="20141022" Time="145703">RemoveJoin EGD_MTNC_FED_A FED_PROV_ID_ABR</Process><Process Name="4) Remove Join Table &lt;&lt;FED_PROV_ID_ABR&gt;&gt;" ToolSource="D:\Desktop10.0\ArcToolbox\Toolboxes\Data Management Tools.tbx\RemoveJoin" Date="20141022" Time="150407">RemoveJoin EGD_MTNC_FED_A FED_PROV_ID_ABR</Process><Process Name="4) Remove Join Table &lt;&lt;FED_PROV_ID_ABR&gt;&gt;" ToolSource="D:\Desktop10.0\ArcToolbox\Toolboxes\Data Management Tools.tbx\RemoveJoin" Date="20141022" Time="150644">RemoveJoin EGD_MTNC_FED_A FED_PROV_ID_ABR</Process><Process Name="4) Remove Join Table &lt;&lt;FED_PROV_ID_ABR&gt;&gt;" ToolSource="D:\Desktop10.0\ArcToolbox\Toolboxes\Data Management Tools.tbx\RemoveJoin" Date="20141022" Time="152236">RemoveJoin EGD_MTNC_FED_A FED_PROV_ID_ABR</Process><Process Name="4) Remove Join Table &lt;&lt;FED_PROV_ID_ABR&gt;&gt;" ToolSource="D:\Desktop10.0\ArcToolbox\Toolboxes\Data Management Tools.tbx\RemoveJoin" Date="20141023" Time="094916">RemoveJoin EGD_MTNC_FED_A FED_PROV_ID_ABR</Process><Process Name="4) Remove Join Table &lt;&lt;FED_PROV_ID_ABR&gt;&gt;" ToolSource="D:\Desktop10.0\ArcToolbox\Toolboxes\Data Management Tools.tbx\RemoveJoin" Date="20141023" Time="125850">RemoveJoin EGD_MTNC_FED_A FED_PROV_ID_ABR</Process><Process Name="4) Remove Join Table &lt;&lt;FED_PROV_ID_ABR&gt;&gt;" ToolSource="D:\Desktop10.0\ArcToolbox\Toolboxes\Data Management Tools.tbx\RemoveJoin" Date="20141023" Time="133322">RemoveJoin EGD_MTNC_FED_A FED_PROV_ID_ABR</Process><Process Name="4) Remove Join Table &lt;&lt;FED_PROV_ID_ABR&gt;&gt;" ToolSource="D:\Desktop10.0\ArcToolbox\Toolboxes\Data Management Tools.tbx\RemoveJoin" Date="20141023" Time="141508">RemoveJoin EGD_MTNC_FED_A FED_PROV_ID_ABR</Process><Process Name="4) Remove Join Table &lt;&lt;FED_PROV_ID_ABR&gt;&gt;" ToolSource="D:\Desktop10.0\ArcToolbox\Toolboxes\Data Management Tools.tbx\RemoveJoin" Date="20141023" Time="141959">RemoveJoin EGD_MTNC_FED_A FED_PROV_ID_ABR</Process><Process Name="4) Remove Join Table &lt;&lt;FED_PROV_ID_ABR&gt;&gt;" ToolSource="D:\Desktop10.0\ArcToolbox\Toolboxes\Data Management Tools.tbx\RemoveJoin" Date="20141023" Time="142241">RemoveJoin EGD_MTNC_FED_A FED_PROV_ID_ABR</Process><Process Name="4) Remove Join Table &lt;&lt;FED_PROV_ID_ABR&gt;&gt;" ToolSource="D:\Desktop10.0\ArcToolbox\Toolboxes\Data Management Tools.tbx\RemoveJoin" Date="20141023" Time="153026">RemoveJoin EGD_MTNC_FED_A FED_PROV_ID_ABR</Process><Process Name="4) Remove Join Table &lt;&lt;FED_PROV_ID_ABR&gt;&gt;" ToolSource="D:\Desktop10.0\ArcToolbox\Toolboxes\Data Management Tools.tbx\RemoveJoin" Date="20141024" Time="094041">RemoveJoin EGD_MTNC_FED_A FED_PROV_ID_ABR</Process><Process Name="4) Remove Join Table &lt;&lt;FED_PROV_ID_ABR&gt;&gt;" ToolSource="D:\Desktop10.0\ArcToolbox\Toolboxes\Data Management Tools.tbx\RemoveJoin" Date="20141024" Time="101424">RemoveJoin EGD_MTNC_FED_A FED_PROV_ID_ABR</Process><Process Name="4) Remove Join Table &lt;&lt;FED_PROV_ID_ABR&gt;&gt;" ToolSource="D:\Desktop10.0\ArcToolbox\Toolboxes\Data Management Tools.tbx\RemoveJoin" Date="20141024" Time="110457">RemoveJoin EGD_MTNC_FED_A FED_PROV_ID_ABR</Process><Process Name="4) Remove Join Table &lt;&lt;FED_PROV_ID_ABR&gt;&gt;" ToolSource="D:\Desktop10.0\ArcToolbox\Toolboxes\Data Management Tools.tbx\RemoveJoin" Date="20141027" Time="082645">RemoveJoin EGD_MTNC_FED_A FED_PROV_ID_ABR</Process><Process Name="4) Remove Join Table &lt;&lt;FED_PROV_ID_ABR&gt;&gt;" ToolSource="D:\Desktop10.0\ArcToolbox\Toolboxes\Data Management Tools.tbx\RemoveJoin" Date="20141027" Time="094925">RemoveJoin EGD_MTNC_FED_A FED_PROV_ID_ABR</Process><Process Name="4) Remove Join Table &lt;&lt;FED_PROV_ID_ABR&gt;&gt;" ToolSource="D:\Desktop10.0\ArcToolbox\Toolboxes\Data Management Tools.tbx\RemoveJoin" Date="20141027" Time="111444">RemoveJoin EGD_MTNC_FED_A FED_PROV_ID_ABR</Process><Process Name="4) Remove Join Table &lt;&lt;FED_PROV_ID_ABR&gt;&gt;" ToolSource="D:\Desktop10.0\ArcToolbox\Toolboxes\Data Management Tools.tbx\RemoveJoin" Date="20141027" Time="115122">RemoveJoin EGD_MTNC_FED_A FED_PROV_ID_ABR</Process><Process Name="4) Remove Join Table &lt;&lt;FED_PROV_ID_ABR&gt;&gt;" ToolSource="D:\Desktop10.0\ArcToolbox\Toolboxes\Data Management Tools.tbx\RemoveJoin" Date="20141027" Time="115836">RemoveJoin EGD_MTNC_FED_A FED_PROV_ID_ABR</Process><Process Name="4) Remove Join Table &lt;&lt;FED_PROV_ID_ABR&gt;&gt;" ToolSource="D:\Desktop10.0\ArcToolbox\Toolboxes\Data Management Tools.tbx\RemoveJoin" Date="20141027" Time="130727">RemoveJoin EGD_MTNC_FED_A FED_PROV_ID_ABR</Process><Process Name="4) Remove Join Table &lt;&lt;FED_PROV_ID_ABR&gt;&gt;" ToolSource="D:\Desktop10.0\ArcToolbox\Toolboxes\Data Management Tools.tbx\RemoveJoin" Date="20141027" Time="132009">RemoveJoin EGD_MTNC_FED_A FED_PROV_ID_ABR</Process><Process Name="4) Remove Join Table &lt;&lt;FED_PROV_ID_ABR&gt;&gt;" ToolSource="D:\Desktop10.0\ArcToolbox\Toolboxes\Data Management Tools.tbx\RemoveJoin" Date="20141027" Time="133506">RemoveJoin EGD_MTNC_FED_A FED_PROV_ID_ABR</Process><Process Name="4) Remove Join Table &lt;&lt;FED_PROV_ID_ABR&gt;&gt;" ToolSource="D:\Desktop10.0\ArcToolbox\Toolboxes\Data Management Tools.tbx\RemoveJoin" Date="20141028" Time="105830">RemoveJoin EGD_MTNC_FED_A FED_PROV_ID_ABR</Process><Process Name="4) Remove Join Table &lt;&lt;FED_PROV_ID_ABR&gt;&gt;" ToolSource="D:\Desktop10.0\ArcToolbox\Toolboxes\Data Management Tools.tbx\RemoveJoin" Date="20141028" Time="110122">RemoveJoin EGD_MTNC_FED_A FED_PROV_ID_ABR</Process><Process Name="4) Remove Join Table &lt;&lt;FED_PROV_ID_ABR&gt;&gt;" ToolSource="D:\Desktop10.0\ArcToolbox\Toolboxes\Data Management Tools.tbx\RemoveJoin" Date="20141028" Time="110433">RemoveJoin EGD_MTNC_FED_A FED_PROV_ID_ABR</Process><Process Name="4) Remove Join Table &lt;&lt;FED_PROV_ID_ABR&gt;&gt;" ToolSource="D:\Desktop10.0\ArcToolbox\Toolboxes\Data Management Tools.tbx\RemoveJoin" Date="20141028" Time="111848">RemoveJoin EGD_MTNC_FED_A FED_PROV_ID_ABR</Process><Process Name="4) Remove Join Table &lt;&lt;FED_PROV_ID_ABR&gt;&gt;" ToolSource="D:\Desktop10.0\ArcToolbox\Toolboxes\Data Management Tools.tbx\RemoveJoin" Date="20141028" Time="123731">RemoveJoin EGD_MTNC_FED_A FED_PROV_ID_ABR</Process><Process Name="4) Remove Join Table &lt;&lt;FED_PROV_ID_ABR&gt;&gt;" ToolSource="D:\Desktop10.0\ArcToolbox\Toolboxes\Data Management Tools.tbx\RemoveJoin" Date="20141028" Time="140246">RemoveJoin EGD_MTNC_FED_A FED_PROV_ID_ABR</Process><Process Name="4) Remove Join Table &lt;&lt;FED_PROV_ID_ABR&gt;&gt;" ToolSource="D:\Desktop10.0\ArcToolbox\Toolboxes\Data Management Tools.tbx\RemoveJoin" Date="20141029" Time="080730">RemoveJoin EGD_MTNC_FED_A FED_PROV_ID_ABR</Process><Process Name="4) Remove Join Table &lt;&lt;FED_PROV_ID_ABR&gt;&gt;" ToolSource="D:\Desktop10.0\ArcToolbox\Toolboxes\Data Management Tools.tbx\RemoveJoin" Date="20141029" Time="090536">RemoveJoin EGD_MTNC_FED_A FED_PROV_ID_ABR</Process><Process Name="4) Remove Join Table &lt;&lt;FED_PROV_ID_ABR&gt;&gt;" ToolSource="D:\Desktop10.0\ArcToolbox\Toolboxes\Data Management Tools.tbx\RemoveJoin" Date="20141029" Time="104654">RemoveJoin EGD_MTNC_FED_A FED_PROV_ID_ABR</Process><Process Name="4) Remove Join Table &lt;&lt;FED_PROV_ID_ABR&gt;&gt;" ToolSource="D:\Desktop10.0\ArcToolbox\Toolboxes\Data Management Tools.tbx\RemoveJoin" Date="20141029" Time="135837">RemoveJoin EGD_MTNC_FED_A FED_PROV_ID_ABR</Process><Process Name="4) Remove Join Table &lt;&lt;FED_PROV_ID_ABR&gt;&gt;" ToolSource="D:\Desktop10.0\ArcToolbox\Toolboxes\Data Management Tools.tbx\RemoveJoin" Date="20141029" Time="140508">RemoveJoin EGD_MTNC_FED_A FED_PROV_ID_ABR</Process><Process Name="4) Remove Join Table &lt;&lt;FED_PROV_ID_ABR&gt;&gt;" ToolSource="D:\Desktop10.0\ArcToolbox\Toolboxes\Data Management Tools.tbx\RemoveJoin" Date="20141029" Time="140729">RemoveJoin EGD_MTNC_FED_A FED_PROV_ID_ABR</Process><Process Name="4) Remove Join Table &lt;&lt;FED_PROV_ID_ABR&gt;&gt;" ToolSource="D:\Desktop10.0\ArcToolbox\Toolboxes\Data Management Tools.tbx\RemoveJoin" Date="20141030" Time="111607">RemoveJoin EGD_MTNC_FED_A FED_PROV_ID_ABR</Process><Process Name="4) Remove Join Table &lt;&lt;FED_PROV_ID_ABR&gt;&gt;" ToolSource="D:\Desktop10.0\ArcToolbox\Toolboxes\Data Management Tools.tbx\RemoveJoin" Date="20141030" Time="113749">RemoveJoin EGD_MTNC_FED_A FED_PROV_ID_ABR</Process><Process Name="4) Remove Join Table &lt;&lt;FED_PROV_ID_ABR&gt;&gt;" ToolSource="D:\Desktop10.0\ArcToolbox\Toolboxes\Data Management Tools.tbx\RemoveJoin" Date="20141030" Time="140802">RemoveJoin EGD_MTNC_FED_A FED_PROV_ID_ABR</Process><Process Name="4) Remove Join Table &lt;&lt;FED_PROV_ID_ABR&gt;&gt;" ToolSource="D:\Desktop10.0\ArcToolbox\Toolboxes\Data Management Tools.tbx\RemoveJoin" Date="20141030" Time="142307">RemoveJoin EGD_MTNC_FED_A FED_PROV_ID_ABR</Process><Process Name="4) Remove Join Table &lt;&lt;FED_PROV_ID_ABR&gt;&gt;" ToolSource="D:\Desktop10.0\ArcToolbox\Toolboxes\Data Management Tools.tbx\RemoveJoin" Date="20141030" Time="145546">RemoveJoin EGD_MTNC_FED_A FED_PROV_ID_ABR</Process><Process Name="4) Remove Join Table &lt;&lt;FED_PROV_ID_ABR&gt;&gt;" ToolSource="D:\Desktop10.0\ArcToolbox\Toolboxes\Data Management Tools.tbx\RemoveJoin" Date="20141030" Time="153815">RemoveJoin EGD_MTNC_FED_A FED_PROV_ID_ABR</Process><Process Name="4) Remove Join Table &lt;&lt;FED_PROV_ID_ABR&gt;&gt;" ToolSource="D:\Desktop10.0\ArcToolbox\Toolboxes\Data Management Tools.tbx\RemoveJoin" Date="20141031" Time="085712">RemoveJoin EGD_MTNC_FED_A FED_PROV_ID_ABR</Process><Process Name="4) Remove Join Table &lt;&lt;FED_PROV_ID_ABR&gt;&gt;" ToolSource="D:\Desktop10.0\ArcToolbox\Toolboxes\Data Management Tools.tbx\RemoveJoin" Date="20141031" Time="093038">RemoveJoin EGD_MTNC_FED_A FED_PROV_ID_ABR</Process><Process Name="4) Remove Join Table &lt;&lt;FED_PROV_ID_ABR&gt;&gt;" ToolSource="D:\Desktop10.0\ArcToolbox\Toolboxes\Data Management Tools.tbx\RemoveJoin" Date="20141031" Time="105016">RemoveJoin EGD_MTNC_FED_A FED_PROV_ID_ABR</Process><Process Name="4) Remove Join Table &lt;&lt;FED_PROV_ID_ABR&gt;&gt;" ToolSource="D:\Desktop10.0\ArcToolbox\Toolboxes\Data Management Tools.tbx\RemoveJoin" Date="20141031" Time="112914">RemoveJoin EGD_MTNC_FED_A FED_PROV_ID_ABR</Process><Process Name="4) Remove Join Table &lt;&lt;FED_PROV_ID_ABR&gt;&gt;" ToolSource="D:\Desktop10.0\ArcToolbox\Toolboxes\Data Management Tools.tbx\RemoveJoin" Date="20141031" Time="135619">RemoveJoin EGD_MTNC_FED_A FED_PROV_ID_ABR</Process><Process Name="4) Remove Join Table &lt;&lt;FED_PROV_ID_ABR&gt;&gt;" ToolSource="D:\Desktop10.0\ArcToolbox\Toolboxes\Data Management Tools.tbx\RemoveJoin" Date="20141031" Time="140028">RemoveJoin EGD_MTNC_FED_A FED_PROV_ID_ABR</Process><Process Name="4) Remove Join Table &lt;&lt;FED_PROV_ID_ABR&gt;&gt;" ToolSource="D:\Desktop10.0\ArcToolbox\Toolboxes\Data Management Tools.tbx\RemoveJoin" Date="20141031" Time="140343">RemoveJoin EGD_MTNC_FED_A FED_PROV_ID_ABR</Process><Process Name="4) Remove Join Table &lt;&lt;FED_PROV_ID_ABR&gt;&gt;" ToolSource="D:\Desktop10.0\ArcToolbox\Toolboxes\Data Management Tools.tbx\RemoveJoin" Date="20141031" Time="154622">RemoveJoin EGD_MTNC_FED_A FED_PROV_ID_ABR</Process><Process Name="4) Remove Join Table &lt;&lt;FED_PROV_ID_ABR&gt;&gt;" ToolSource="D:\Desktop10.0\ArcToolbox\Toolboxes\Data Management Tools.tbx\RemoveJoin" Date="20141103" Time="083735">RemoveJoin EGD_MTNC_FED_A FED_PROV_ID_ABR</Process><Process Name="4) Remove Join Table &lt;&lt;FED_PROV_ID_ABR&gt;&gt;" ToolSource="D:\Desktop10.0\ArcToolbox\Toolboxes\Data Management Tools.tbx\RemoveJoin" Date="20141103" Time="084825">RemoveJoin EGD_MTNC_FED_A FED_PROV_ID_ABR</Process><Process Name="4) Remove Join Table &lt;&lt;FED_PROV_ID_ABR&gt;&gt;" ToolSource="D:\Desktop10.0\ArcToolbox\Toolboxes\Data Management Tools.tbx\RemoveJoin" Date="20141103" Time="085408">RemoveJoin EGD_MTNC_FED_A FED_PROV_ID_ABR</Process><Process Name="4) Remove Join Table &lt;&lt;FED_PROV_ID_ABR&gt;&gt;" ToolSource="D:\Desktop10.0\ArcToolbox\Toolboxes\Data Management Tools.tbx\RemoveJoin" Date="20141103" Time="085905">RemoveJoin EGD_MTNC_FED_A FED_PROV_ID_ABR</Process><Process Name="4) Remove Join Table &lt;&lt;FED_PROV_ID_ABR&gt;&gt;" ToolSource="D:\Desktop10.0\ArcToolbox\Toolboxes\Data Management Tools.tbx\RemoveJoin" Date="20141103" Time="091404">RemoveJoin EGD_MTNC_FED_A FED_PROV_ID_ABR</Process><Process Name="4) Remove Join Table &lt;&lt;FED_PROV_ID_ABR&gt;&gt;" ToolSource="D:\Desktop10.0\ArcToolbox\Toolboxes\Data Management Tools.tbx\RemoveJoin" Date="20141103" Time="102011">RemoveJoin EGD_MTNC_FED_A FED_PROV_ID_ABR</Process><Process Name="4) Remove Join Table &lt;&lt;FED_PROV_ID_ABR&gt;&gt;" ToolSource="D:\Desktop10.0\ArcToolbox\Toolboxes\Data Management Tools.tbx\RemoveJoin" Date="20141103" Time="105501">RemoveJoin EGD_MTNC_FED_A FED_PROV_ID_ABR</Process><Process Name="4) Remove Join Table &lt;&lt;FED_PROV_ID_ABR&gt;&gt;" ToolSource="D:\Desktop10.0\ArcToolbox\Toolboxes\Data Management Tools.tbx\RemoveJoin" Date="20141103" Time="132244">RemoveJoin EGD_MTNC_FED_A FED_PROV_ID_ABR</Process><Process Name="4) Remove Join Table &lt;&lt;FED_PROV_ID_ABR&gt;&gt;" ToolSource="D:\Desktop10.0\ArcToolbox\Toolboxes\Data Management Tools.tbx\RemoveJoin" Date="20141103" Time="133226">RemoveJoin EGD_MTNC_FED_A FED_PROV_ID_ABR</Process><Process Name="4) Remove Join Table &lt;&lt;FED_PROV_ID_ABR&gt;&gt;" ToolSource="D:\Desktop10.0\ArcToolbox\Toolboxes\Data Management Tools.tbx\RemoveJoin" Date="20141103" Time="150511">RemoveJoin EGD_MTNC_FED_A FED_PROV_ID_ABR</Process><Process Name="4) Remove Join Table &lt;&lt;FED_PROV_ID_ABR&gt;&gt;" ToolSource="D:\Desktop10.0\ArcToolbox\Toolboxes\Data Management Tools.tbx\RemoveJoin" Date="20141104" Time="085649">RemoveJoin EGD_MTNC_FED_A FED_PROV_ID_ABR</Process><Process Name="4) Remove Join Table &lt;&lt;FED_PROV_ID_ABR&gt;&gt;" ToolSource="D:\Desktop10.0\ArcToolbox\Toolboxes\Data Management Tools.tbx\RemoveJoin" Date="20141104" Time="111006">RemoveJoin EGD_MTNC_FED_A FED_PROV_ID_ABR</Process><Process Name="4) Remove Join Table &lt;&lt;FED_PROV_ID_ABR&gt;&gt;" ToolSource="D:\Desktop10.0\ArcToolbox\Toolboxes\Data Management Tools.tbx\RemoveJoin" Date="20141105" Time="100515">RemoveJoin EGD_MTNC_FED_A FED_PROV_ID_ABR</Process><Process Name="4) Remove Join Table &lt;&lt;FED_PROV_ID_ABR&gt;&gt;" ToolSource="D:\Desktop10.0\ArcToolbox\Toolboxes\Data Management Tools.tbx\RemoveJoin" Date="20141105" Time="100858">RemoveJoin EGD_MTNC_FED_A FED_PROV_ID_ABR</Process><Process Name="4) Remove Join Table &lt;&lt;FED_PROV_ID_ABR&gt;&gt;" ToolSource="D:\Desktop10.0\ArcToolbox\Toolboxes\Data Management Tools.tbx\RemoveJoin" Date="20141105" Time="131600">RemoveJoin EGD_MTNC_FED_A FED_PROV_ID_ABR</Process><Process Name="4) Remove Join Table &lt;&lt;FED_PROV_ID_ABR&gt;&gt;" ToolSource="D:\Desktop10.0\ArcToolbox\Toolboxes\Data Management Tools.tbx\RemoveJoin" Date="20141105" Time="140729">RemoveJoin EGD_MTNC_FED_A FED_PROV_ID_ABR</Process><Process Name="4) Remove Join Table &lt;&lt;FED_PROV_ID_ABR&gt;&gt;" ToolSource="D:\Desktop10.0\ArcToolbox\Toolboxes\Data Management Tools.tbx\RemoveJoin" Date="20141106" Time="090009">RemoveJoin EGD_MTNC_FED_A FED_PROV_ID_ABR</Process><Process Name="4) Remove Join Table &lt;&lt;FED_PROV_ID_ABR&gt;&gt;" ToolSource="D:\Desktop10.0\ArcToolbox\Toolboxes\Data Management Tools.tbx\RemoveJoin" Date="20141106" Time="093459">RemoveJoin EGD_MTNC_FED_A FED_PROV_ID_ABR</Process><Process Name="4) Remove Join Table &lt;&lt;FED_PROV_ID_ABR&gt;&gt;" ToolSource="D:\Desktop10.0\ArcToolbox\Toolboxes\Data Management Tools.tbx\RemoveJoin" Date="20141106" Time="102705">RemoveJoin EGD_MTNC_FED_A FED_PROV_ID_ABR</Process><Process Name="4) Remove Join Table &lt;&lt;FED_PROV_ID_ABR&gt;&gt;" ToolSource="D:\Desktop10.0\ArcToolbox\Toolboxes\Data Management Tools.tbx\RemoveJoin" Date="20141107" Time="140314">RemoveJoin EGD_MTNC_FED_A FED_PROV_ID_ABR</Process><Process Name="4) Remove Join Table &lt;&lt;FED_PROV_ID_ABR&gt;&gt;" ToolSource="D:\Desktop10.0\ArcToolbox\Toolboxes\Data Management Tools.tbx\RemoveJoin" Date="20141107" Time="151648">RemoveJoin EGD_MTNC_FED_A FED_PROV_ID_ABR</Process><Process Name="4) Remove Join Table &lt;&lt;FED_PROV_ID_ABR&gt;&gt;" ToolSource="D:\Desktop10.0\ArcToolbox\Toolboxes\Data Management Tools.tbx\RemoveJoin" Date="20141112" Time="080636">RemoveJoin EGD_MTNC_FED_A FED_PROV_ID_ABR</Process><Process Name="4) Remove Join Table &lt;&lt;FED_PROV_ID_ABR&gt;&gt;" ToolSource="D:\Desktop10.0\ArcToolbox\Toolboxes\Data Management Tools.tbx\RemoveJoin" Date="20141112" Time="091624">RemoveJoin EGD_MTNC_FED_A FED_PROV_ID_ABR</Process><Process Name="4) Remove Join Table &lt;&lt;FED_PROV_ID_ABR&gt;&gt;" ToolSource="D:\Desktop10.0\ArcToolbox\Toolboxes\Data Management Tools.tbx\RemoveJoin" Date="20141114" Time="084144">RemoveJoin EGD_MTNC_FED_A FED_PROV_ID_ABR</Process><Process Name="4) Remove Join Table &lt;&lt;FED_PROV_ID_ABR&gt;&gt;" ToolSource="D:\Desktop10.0\ArcToolbox\Toolboxes\Data Management Tools.tbx\RemoveJoin" Date="20141126" Time="083500">RemoveJoin EGD_MTNC_FED_A FED_PROV_ID_ABR</Process><Process Name="4) Remove Join Table &lt;&lt;FED_PROV_ID_ABR&gt;&gt;" ToolSource="D:\Desktop10.0\ArcToolbox\Toolboxes\Data Management Tools.tbx\RemoveJoin" Date="20141127" Time="122048">RemoveJoin EGD_MTNC_FED_A FED_PROV_ID_ABR</Process><Process Name="3) Remove Join Table" ToolSource="D:\Desktop10.0\ArcToolbox\Toolboxes\Data Management Tools.tbx\RemoveJoin" Date="20141219" Time="135503">RemoveJoin EGD_MTNC.FED_A FLO_ADLR_INFO</Process><Process Name="3) Remove Join Table" ToolSource="D:\Desktop10.0\ArcToolbox\Toolboxes\Data Management Tools.tbx\RemoveJoin" Date="20141219" Time="135555">RemoveJoin EGD_MTNC.FED_A FLO_ADLR_INFO</Process><Process Name="3) Remove Join Table" ToolSource="D:\Desktop10.0\ArcToolbox\Toolboxes\Data Management Tools.tbx\RemoveJoin" Date="20141219" Time="140734">RemoveJoin EGD_MTNC.FED_A FLO_ADLR_INFO</Process><Process Name="3) Remove Join Table" ToolSource="D:\Desktop10.0\ArcToolbox\Toolboxes\Data Management Tools.tbx\RemoveJoin" Date="20150106" Time="130710">RemoveJoin EGD_MTNC.FED_A FLO_ADLR_INFO</Process><Process Name="3) REMOVE JOIN" ToolSource="D:\Desktop10.0\ArcToolbox\Toolboxes\Data Management Tools.tbx\RemoveJoin" Date="20150106" Time="145419">RemoveJoin EGD_MTNC.FED_A FLO_ADLR_INFO</Process><Process Name="3) REMOVE JOIN" ToolSource="D:\Desktop10.0\ArcToolbox\Toolboxes\Data Management Tools.tbx\RemoveJoin" Date="20150106" Time="150306">RemoveJoin EGD_MTNC.FED_A FLO_ADLR_INFO</Process><Process Name="3) REMOVE JOIN" ToolSource="D:\Desktop10.0\ArcToolbox\Toolboxes\Data Management Tools.tbx\RemoveJoin" Date="20150106" Time="150444">RemoveJoin EGD_MTNC.FED_A FLO_ADLR_INFO</Process><Process Name="3) REMOVE JOIN" ToolSource="D:\Desktop10.0\ArcToolbox\Toolboxes\Data Management Tools.tbx\RemoveJoin" Date="20150106" Time="150753">RemoveJoin EGD_MTNC.FED_A FLO_ADLR_INFO</Process><Process Name="3) REMOVE JOIN" ToolSource="D:\Desktop10.0\ArcToolbox\Toolboxes\Data Management Tools.tbx\RemoveJoin" Date="20150106" Time="150916">RemoveJoin EGD_MTNC.FED_A FLO_ADLR_INFO</Process><Process Name="3) REMOVE JOIN" ToolSource="D:\Desktop10.0\ArcToolbox\Toolboxes\Data Management Tools.tbx\RemoveJoin" Date="20150119" Time="111619">RemoveJoin EGD_MTNC.FED_A FLO_ADLR_INFO</Process><Process Name="3) REMOVE JOIN" ToolSource="D:\Desktop10.0\ArcToolbox\Toolboxes\Data Management Tools.tbx\RemoveJoin" Date="20150119" Time="112505">RemoveJoin EGD_MTNC.FED_A FLO_ADLR_INFO</Process><Process Name="3) REMOVE JOIN" ToolSource="D:\Desktop10.0\ArcToolbox\Toolboxes\Data Management Tools.tbx\RemoveJoin" Date="20150119" Time="115452">RemoveJoin EGD_MTNC.FED_A FLO_ADLR_INFO</Process><Process Name="3) REMOVE JOIN" ToolSource="D:\Desktop10.0\ArcToolbox\Toolboxes\Data Management Tools.tbx\RemoveJoin" Date="20150119" Time="154232">RemoveJoin EGD_MTNC.FED_A FLO_ADLR_INFO</Process><Process Name="3) REMOVE JOIN" ToolSource="D:\Desktop10.0\ArcToolbox\Toolboxes\Data Management Tools.tbx\RemoveJoin" Date="20150119" Time="154458">RemoveJoin EGD_MTNC.FED_A FLO_ADLR_INFO</Process><Process Name="4) Remove Join Table &lt;&lt;FED_PROV_ID_ABR&gt;&gt;" ToolSource="D:\Desktop10.0\ArcToolbox\Toolboxes\Data Management Tools.tbx\RemoveJoin" Date="20150120" Time="140110">RemoveJoin EGD_MTNC_FED_A FED_PROV_ID_ABR</Process><Process Name="4) Remove Join Table &lt;&lt;FED_PROV_ID_ABR&gt;&gt;" ToolSource="D:\Desktop10.0\ArcToolbox\Toolboxes\Data Management Tools.tbx\RemoveJoin" Date="20150120" Time="141040">RemoveJoin EGD_MTNC_FED_A FED_PROV_ID_ABR</Process><Process Name="4) Remove Join Table &lt;&lt;FED_PROV_ID_ABR&gt;&gt;" ToolSource="D:\Desktop10.0\ArcToolbox\Toolboxes\Data Management Tools.tbx\RemoveJoin" Date="20150120" Time="141940">RemoveJoin EGD_MTNC_FED_A FED_PROV_ID_ABR</Process><Process Name="4) Remove Join Table &lt;&lt;FED_PROV_ID_ABR&gt;&gt;" ToolSource="D:\Desktop10.0\ArcToolbox\Toolboxes\Data Management Tools.tbx\RemoveJoin" Date="20150120" Time="143005">RemoveJoin EGD_MTNC_FED_A FED_PROV_ID_ABR</Process><Process Name="4) Remove Join Table &lt;&lt;FED_PROV_ID_ABR&gt;&gt;" ToolSource="D:\Desktop10.0\ArcToolbox\Toolboxes\Data Management Tools.tbx\RemoveJoin" Date="20150120" Time="143900">RemoveJoin EGD_MTNC_FED_A FED_PROV_ID_ABR</Process><Process Name="4) Remove Join Table &lt;&lt;FED_PROV_ID_ABR&gt;&gt;" ToolSource="D:\Desktop10.0\ArcToolbox\Toolboxes\Data Management Tools.tbx\RemoveJoin" Date="20150120" Time="144850">RemoveJoin EGD_MTNC_FED_A FED_PROV_ID_ABR</Process><Process Name="4) Remove Join Table &lt;&lt;FED_PROV_ID_ABR&gt;&gt;" ToolSource="D:\Desktop10.0\ArcToolbox\Toolboxes\Data Management Tools.tbx\RemoveJoin" Date="20150120" Time="144937">RemoveJoin EGD_MTNC_FED_A FED_PROV_ID_ABR</Process><Process Name="4) Remove Join Table &lt;&lt;FED_PROV_ID_ABR&gt;&gt;" ToolSource="D:\Desktop10.0\ArcToolbox\Toolboxes\Data Management Tools.tbx\RemoveJoin" Date="20150120" Time="151916">RemoveJoin EGD_MTNC_FED_A FED_PROV_ID_ABR</Process><Process Name="4) Remove Join Table &lt;&lt;FED_PROV_ID_ABR&gt;&gt;" ToolSource="D:\Desktop10.0\ArcToolbox\Toolboxes\Data Management Tools.tbx\RemoveJoin" Date="20150120" Time="153925">RemoveJoin EGD_MTNC_FED_A FED_PROV_ID_ABR</Process><Process Name="4) Remove Join Table &lt;&lt;FED_PROV_ID_ABR&gt;&gt;" ToolSource="D:\Desktop10.0\ArcToolbox\Toolboxes\Data Management Tools.tbx\RemoveJoin" Date="20150121" Time="082219">RemoveJoin EGD_MTNC_FED_A FED_PROV_ID_ABR</Process><Process Name="4) Remove Join Table &lt;&lt;FED_PROV_ID_ABR&gt;&gt;" ToolSource="D:\Desktop10.0\ArcToolbox\Toolboxes\Data Management Tools.tbx\RemoveJoin" Date="20150121" Time="084317">RemoveJoin EGD_MTNC_FED_A FED_PROV_ID_ABR</Process><Process Name="3) REMOVE JOIN" ToolSource="D:\Desktop10.0\ArcToolbox\Toolboxes\Data Management Tools.tbx\RemoveJoin" Date="20150121" Time="091734">RemoveJoin EGD_MTNC.FED_A FLO_ADLR_INFO</Process><Process Name="3) REMOVE JOIN" ToolSource="D:\Desktop10.0\ArcToolbox\Toolboxes\Data Management Tools.tbx\RemoveJoin" Date="20150121" Time="092151">RemoveJoin EGD_MTNC.FED_A FLO_ADLR_INFO</Process><Process Name="3) REMOVE JOIN" ToolSource="D:\Desktop10.0\ArcToolbox\Toolboxes\Data Management Tools.tbx\RemoveJoin" Date="20150121" Time="092825">RemoveJoin EGD_MTNC.FED_A FLO_ADLR_INFO</Process><Process Name="3) REMOVE JOIN" ToolSource="D:\Desktop10.0\ArcToolbox\Toolboxes\Data Management Tools.tbx\RemoveJoin" Date="20150121" Time="093116">RemoveJoin EGD_MTNC.FED_A FLO_ADLR_INFO</Process><Process Name="3) REMOVE JOIN" ToolSource="D:\Desktop10.0\ArcToolbox\Toolboxes\Data Management Tools.tbx\RemoveJoin" Date="20150121" Time="093232">RemoveJoin EGD_MTNC.FED_A FLO_ADLR_INFO</Process><Process Name="3) REMOVE JOIN" ToolSource="D:\Desktop10.0\ArcToolbox\Toolboxes\Data Management Tools.tbx\RemoveJoin" Date="20150121" Time="093444">RemoveJoin EGD_MTNC.FED_A FLO_ADLR_INFO</Process><Process Name="3) REMOVE JOIN" ToolSource="D:\Desktop10.0\ArcToolbox\Toolboxes\Data Management Tools.tbx\RemoveJoin" Date="20150121" Time="093613">RemoveJoin EGD_MTNC.FED_A FLO_ADLR_INFO</Process><Process Name="3) REMOVE JOIN" ToolSource="D:\Desktop10.0\ArcToolbox\Toolboxes\Data Management Tools.tbx\RemoveJoin" Date="20150121" Time="093831">RemoveJoin EGD_MTNC.FED_A FLO_ADLR_INFO</Process><Process Name="3) REMOVE JOIN" ToolSource="D:\Desktop10.0\ArcToolbox\Toolboxes\Data Management Tools.tbx\RemoveJoin" Date="20150121" Time="094023">RemoveJoin EGD_MTNC.FED_A FLO_ADLR_INFO</Process><Process Name="3) REMOVE JOIN" ToolSource="D:\Desktop10.0\ArcToolbox\Toolboxes\Data Management Tools.tbx\RemoveJoin" Date="20150121" Time="094257">RemoveJoin EGD_MTNC.FED_A FLO_ADLR_INFO</Process><Process Name="3) REMOVE JOIN" ToolSource="D:\Desktop10.0\ArcToolbox\Toolboxes\Data Management Tools.tbx\RemoveJoin" Date="20150121" Time="094431">RemoveJoin EGD_MTNC.FED_A FLO_ADLR_INFO</Process><Process Name="4) Remove Join Table &lt;&lt;FED_PROV_ID_ABR&gt;&gt;" ToolSource="D:\Desktop10.0\ArcToolbox\Toolboxes\Data Management Tools.tbx\RemoveJoin" Date="20150121" Time="141119">RemoveJoin EGD_MTNC_FED_A FED_PROV_ID_ABR</Process><Process Name="4) Remove Join Table &lt;&lt;FED_PROV_ID_ABR&gt;&gt;" ToolSource="D:\Desktop10.0\ArcToolbox\Toolboxes\Data Management Tools.tbx\RemoveJoin" Date="20150121" Time="141329">RemoveJoin EGD_MTNC_FED_A FED_PROV_ID_ABR</Process><Process Name="4) Remove Join Table &lt;&lt;FED_PROV_ID_ABR&gt;&gt;" ToolSource="D:\Desktop10.0\ArcToolbox\Toolboxes\Data Management Tools.tbx\RemoveJoin" Date="20150121" Time="151107">RemoveJoin EGD_MTNC_FED_A FED_PROV_ID_ABR</Process><Process Name="4) Remove Join Table &lt;&lt;FED_PROV_ID_ABR&gt;&gt;" ToolSource="D:\Desktop10.0\ArcToolbox\Toolboxes\Data Management Tools.tbx\RemoveJoin" Date="20150121" Time="152028">RemoveJoin EGD_MTNC_FED_A FED_PROV_ID_ABR</Process><Process Name="3) REMOVE JOIN" ToolSource="D:\Desktop10.0\ArcToolbox\Toolboxes\Data Management Tools.tbx\RemoveJoin" Date="20150126" Time="144009">RemoveJoin EGD_MTNC.FED_A FLO_ADLR_INFO</Process><Process Name="4) Remove Join Table &lt;&lt;FED_PROV_ID_ABR&gt;&gt;" ToolSource="D:\Desktop10.0\ArcToolbox\Toolboxes\Data Management Tools.tbx\RemoveJoin" Date="20150129" Time="154025">RemoveJoin EGD_MTNC_FED_A FED_PROV_ID_ABR</Process><Process Name="4) Remove Join Table &lt;&lt;FED_PROV_ID_ABR&gt;&gt;" ToolSource="D:\Desktop10.0\ArcToolbox\Toolboxes\Data Management Tools.tbx\RemoveJoin" Date="20150205" Time="082041">RemoveJoin EGD_MTNC_FED_A FED_PROV_ID_ABR</Process><Process Name="4) Remove Join Table &lt;&lt;FED_PROV_ID_ABR&gt;&gt;" ToolSource="D:\Desktop10.0\ArcToolbox\Toolboxes\Data Management Tools.tbx\RemoveJoin" Date="20150205" Time="083118">RemoveJoin EGD_MTNC_FED_A FED_PROV_ID_ABR</Process><Process Name="4) Remove Join Table &lt;&lt;FED_PROV_ID_ABR&gt;&gt;" ToolSource="D:\Desktop10.0\ArcToolbox\Toolboxes\Data Management Tools.tbx\RemoveJoin" Date="20150205" Time="092907">RemoveJoin EGD_MTNC_FED_A FED_PROV_ID_ABR</Process><Process Name="4) Remove Join Table &lt;&lt;FED_PROV_ID_ABR&gt;&gt;" ToolSource="D:\Desktop10.0\ArcToolbox\Toolboxes\Data Management Tools.tbx\RemoveJoin" Date="20150205" Time="095316">RemoveJoin EGD_MTNC_FED_A FED_PROV_ID_ABR</Process><Process Name="4) Remove Join Table &lt;&lt;FED_PROV_ID_ABR&gt;&gt;" ToolSource="D:\Desktop10.0\ArcToolbox\Toolboxes\Data Management Tools.tbx\RemoveJoin" Date="20150205" Time="095600">RemoveJoin EGD_MTNC_FED_A FED_PROV_ID_ABR</Process><Process Name="4) Remove Join Table &lt;&lt;FED_PROV_ID_ABR&gt;&gt;" ToolSource="D:\Desktop10.0\ArcToolbox\Toolboxes\Data Management Tools.tbx\RemoveJoin" Date="20150205" Time="100238">RemoveJoin EGD_MTNC_FED_A FED_PROV_ID_ABR</Process><Process Name="4) Remove Join Table &lt;&lt;FED_PROV_ID_ABR&gt;&gt;" ToolSource="D:\Desktop10.0\ArcToolbox\Toolboxes\Data Management Tools.tbx\RemoveJoin" Date="20150206" Time="095739">RemoveJoin EGD_MTNC_FED_A FED_PROV_ID_ABR</Process><Process Name="4) Remove Join Table &lt;&lt;FED_PROV_ID_ABR&gt;&gt;" ToolSource="D:\Desktop10.0\ArcToolbox\Toolboxes\Data Management Tools.tbx\RemoveJoin" Date="20150206" Time="105846">RemoveJoin EGD_MTNC_FED_A FED_PROV_ID_ABR</Process><Process Name="4) Remove Join Table &lt;&lt;FED_PROV_ID_ABR&gt;&gt;" ToolSource="D:\Desktop10.0\ArcToolbox\Toolboxes\Data Management Tools.tbx\RemoveJoin" Date="20150206" Time="110025">RemoveJoin EGD_MTNC_FED_A FED_PROV_ID_ABR</Process><Process Name="4) Remove Join Table &lt;&lt;FED_PROV_ID_ABR&gt;&gt;" ToolSource="D:\Desktop10.0\ArcToolbox\Toolboxes\Data Management Tools.tbx\RemoveJoin" Date="20150206" Time="110309">RemoveJoin EGD_MTNC_FED_A FED_PROV_ID_ABR</Process><Process Name="4) Remove Join Table &lt;&lt;FED_PROV_ID_ABR&gt;&gt;" ToolSource="D:\Desktop10.0\ArcToolbox\Toolboxes\Data Management Tools.tbx\RemoveJoin" Date="20150206" Time="110453">RemoveJoin EGD_MTNC_FED_A FED_PROV_ID_ABR</Process><Process Name="4) Remove Join Table &lt;&lt;FED_PROV_ID_ABR&gt;&gt;" ToolSource="D:\Desktop10.0\ArcToolbox\Toolboxes\Data Management Tools.tbx\RemoveJoin" Date="20150206" Time="110651">RemoveJoin EGD_MTNC_FED_A FED_PROV_ID_ABR</Process><Process Name="4) Remove Join Table &lt;&lt;FED_PROV_ID_ABR&gt;&gt;" ToolSource="D:\Desktop10.0\ArcToolbox\Toolboxes\Data Management Tools.tbx\RemoveJoin" Date="20150206" Time="110836">RemoveJoin EGD_MTNC_FED_A FED_PROV_ID_ABR</Process><Process Name="4) Remove Join Table &lt;&lt;FED_PROV_ID_ABR&gt;&gt;" ToolSource="D:\Desktop10.0\ArcToolbox\Toolboxes\Data Management Tools.tbx\RemoveJoin" Date="20150206" Time="111058">RemoveJoin EGD_MTNC_FED_A FED_PROV_ID_ABR</Process><Process Name="4) Remove Join Table &lt;&lt;FED_PROV_ID_ABR&gt;&gt;" ToolSource="D:\Desktop10.0\ArcToolbox\Toolboxes\Data Management Tools.tbx\RemoveJoin" Date="20150206" Time="111329">RemoveJoin EGD_MTNC_FED_A FED_PROV_ID_ABR</Process><Process Name="4) Remove Join Table &lt;&lt;FED_PROV_ID_ABR&gt;&gt;" ToolSource="D:\Desktop10.0\ArcToolbox\Toolboxes\Data Management Tools.tbx\RemoveJoin" Date="20150206" Time="134046">RemoveJoin EGD_MTNC_FED_A FED_PROV_ID_ABR</Process><Process Name="4) Remove Join Table &lt;&lt;FED_PROV_ID_ABR&gt;&gt;" ToolSource="D:\Desktop10.0\ArcToolbox\Toolboxes\Data Management Tools.tbx\RemoveJoin" Date="20150206" Time="134540">RemoveJoin EGD_MTNC_FED_A FED_PROV_ID_ABR</Process><Process Name="4) Remove Join Table &lt;&lt;FED_PROV_ID_ABR&gt;&gt;" ToolSource="D:\Desktop10.0\ArcToolbox\Toolboxes\Data Management Tools.tbx\RemoveJoin" Date="20150206" Time="134905">RemoveJoin EGD_MTNC_FED_A FED_PROV_ID_ABR</Process><Process Name="4) Remove Join Table &lt;&lt;FED_PROV_ID_ABR&gt;&gt;" ToolSource="D:\Desktop10.0\ArcToolbox\Toolboxes\Data Management Tools.tbx\RemoveJoin" Date="20150206" Time="135645">RemoveJoin EGD_MTNC_FED_A FED_PROV_ID_ABR</Process><Process Name="4) Remove Join Table &lt;&lt;FED_PROV_ID_ABR&gt;&gt;" ToolSource="D:\Desktop10.0\ArcToolbox\Toolboxes\Data Management Tools.tbx\RemoveJoin" Date="20150206" Time="140310">RemoveJoin EGD_MTNC_FED_A FED_PROV_ID_ABR</Process><Process Name="4) Remove Join Table &lt;&lt;FED_PROV_ID_ABR&gt;&gt;" ToolSource="D:\Desktop10.0\ArcToolbox\Toolboxes\Data Management Tools.tbx\RemoveJoin" Date="20150206" Time="141546">RemoveJoin EGD_MTNC_FED_A FED_PROV_ID_ABR</Process><Process Name="4) Remove Join Table &lt;&lt;FED_PROV_ID_ABR&gt;&gt;" ToolSource="D:\Desktop10.0\ArcToolbox\Toolboxes\Data Management Tools.tbx\RemoveJoin" Date="20150209" Time="082539">RemoveJoin EGD_MTNC_FED_A FED_PROV_ID_ABR</Process><Process Name="4) Remove Join Table &lt;&lt;FED_PROV_ID_ABR&gt;&gt;" ToolSource="D:\Desktop10.0\ArcToolbox\Toolboxes\Data Management Tools.tbx\RemoveJoin" Date="20150209" Time="082931">RemoveJoin EGD_MTNC_FED_A FED_PROV_ID_ABR</Process><Process Name="4) Remove Join Table &lt;&lt;FED_PROV_ID_ABR&gt;&gt;" ToolSource="D:\Desktop10.0\ArcToolbox\Toolboxes\Data Management Tools.tbx\RemoveJoin" Date="20150211" Time="125944">RemoveJoin EGD_MTNC_FED_A FED_PROV_ID_ABR</Process><Process Name="4) Remove Join Table &lt;&lt;FED_PROV_ID_ABR&gt;&gt;" ToolSource="D:\Desktop10.0\ArcToolbox\Toolboxes\Data Management Tools.tbx\RemoveJoin" Date="20150211" Time="131526">RemoveJoin EGD_MTNC_FED_A FED_PROV_ID_ABR</Process><Process Name="4) Remove Join Table &lt;&lt;FED_PROV_ID_ABR&gt;&gt;" ToolSource="D:\Desktop10.0\ArcToolbox\Toolboxes\Data Management Tools.tbx\RemoveJoin" Date="20150212" Time="135528">RemoveJoin EGD_MTNC_FED_A FED_PROV_ID_ABR</Process><Process Name="4) Remove Join Table &lt;&lt;FED_PROV_ID_ABR&gt;&gt;" ToolSource="D:\Desktop10.0\ArcToolbox\Toolboxes\Data Management Tools.tbx\RemoveJoin" Date="20150212" Time="143117">RemoveJoin EGD_MTNC_FED_A FED_PROV_ID_ABR</Process><Process Name="4) Remove Join Table &lt;&lt;FED_PROV_ID_ABR&gt;&gt;" ToolSource="D:\Desktop10.0\ArcToolbox\Toolboxes\Data Management Tools.tbx\RemoveJoin" Date="20150212" Time="145300">RemoveJoin EGD_MTNC_FED_A FED_PROV_ID_ABR</Process><Process Name="4) Remove Join Table &lt;&lt;FED_PROV_ID_ABR&gt;&gt;" ToolSource="D:\Desktop10.0\ArcToolbox\Toolboxes\Data Management Tools.tbx\RemoveJoin" Date="20150213" Time="092536">RemoveJoin EGD_MTNC_FED_A FED_PROV_ID_ABR</Process><Process Name="4) Remove Join Table &lt;&lt;FED_PROV_ID_ABR&gt;&gt;" ToolSource="D:\Desktop10.0\ArcToolbox\Toolboxes\Data Management Tools.tbx\RemoveJoin" Date="20150213" Time="102909">RemoveJoin EGD_MTNC_FED_A FED_PROV_ID_ABR</Process><Process Name="4) Remove Join Table &lt;&lt;FED_PROV_ID_ABR&gt;&gt;" ToolSource="D:\Desktop10.0\ArcToolbox\Toolboxes\Data Management Tools.tbx\RemoveJoin" Date="20150213" Time="105447">RemoveJoin EGD_MTNC_FED_A FED_PROV_ID_ABR</Process><Process Name="4) Remove Join Table &lt;&lt;FED_PROV_ID_ABR&gt;&gt;" ToolSource="D:\Desktop10.0\ArcToolbox\Toolboxes\Data Management Tools.tbx\RemoveJoin" Date="20150213" Time="141653">RemoveJoin EGD_MTNC_FED_A FED_PROV_ID_ABR</Process><Process Name="4) Remove Join Table &lt;&lt;FED_PROV_ID_ABR&gt;&gt;" ToolSource="D:\Desktop10.0\ArcToolbox\Toolboxes\Data Management Tools.tbx\RemoveJoin" Date="20150213" Time="143252">RemoveJoin EGD_MTNC_FED_A FED_PROV_ID_ABR</Process><Process Name="4) Remove Join Table &lt;&lt;FED_PROV_ID_ABR&gt;&gt;" ToolSource="D:\Desktop10.0\ArcToolbox\Toolboxes\Data Management Tools.tbx\RemoveJoin" Date="20150213" Time="144419">RemoveJoin EGD_MTNC_FED_A FED_PROV_ID_ABR</Process><Process Name="4) Remove Join Table &lt;&lt;FED_PROV_ID_ABR&gt;&gt;" ToolSource="D:\Desktop10.0\ArcToolbox\Toolboxes\Data Management Tools.tbx\RemoveJoin" Date="20150213" Time="150006">RemoveJoin EGD_MTNC_FED_A FED_PROV_ID_ABR</Process><Process Name="4) Remove Join Table &lt;&lt;FED_PROV_ID_ABR&gt;&gt;" ToolSource="D:\Desktop10.0\ArcToolbox\Toolboxes\Data Management Tools.tbx\RemoveJoin" Date="20150216" Time="080753">RemoveJoin EGD_MTNC_FED_A FED_PROV_ID_ABR</Process><Process Name="4) Remove Join Table &lt;&lt;FED_PROV_ID_ABR&gt;&gt;" ToolSource="D:\Desktop10.0\ArcToolbox\Toolboxes\Data Management Tools.tbx\RemoveJoin" Date="20150216" Time="081726">RemoveJoin EGD_MTNC_FED_A FED_PROV_ID_ABR</Process><Process Name="4) Remove Join Table &lt;&lt;FED_PROV_ID_ABR&gt;&gt;" ToolSource="D:\Desktop10.0\ArcToolbox\Toolboxes\Data Management Tools.tbx\RemoveJoin" Date="20150216" Time="092816">RemoveJoin EGD_MTNC_FED_A FED_PROV_ID_ABR</Process><Process Name="4) Remove Join Table &lt;&lt;FED_PROV_ID_ABR&gt;&gt;" ToolSource="D:\Desktop10.0\ArcToolbox\Toolboxes\Data Management Tools.tbx\RemoveJoin" Date="20150216" Time="105717">RemoveJoin EGD_MTNC_FED_A FED_PROV_ID_ABR</Process><Process Name="4) Remove Join Table &lt;&lt;FED_PROV_ID_ABR&gt;&gt;" ToolSource="D:\Desktop10.0\ArcToolbox\Toolboxes\Data Management Tools.tbx\RemoveJoin" Date="20150216" Time="150116">RemoveJoin EGD_MTNC_FED_A FED_PROV_ID_ABR</Process><Process Name="4) Remove Join Table &lt;&lt;FED_PROV_ID_ABR&gt;&gt;" ToolSource="D:\Desktop10.0\ArcToolbox\Toolboxes\Data Management Tools.tbx\RemoveJoin" Date="20150217" Time="073644">RemoveJoin EGD_MTNC_FED_A FED_PROV_ID_ABR</Process><Process Name="4) Remove Join Table &lt;&lt;FED_PROV_ID_ABR&gt;&gt;" ToolSource="D:\Desktop10.0\ArcToolbox\Toolboxes\Data Management Tools.tbx\RemoveJoin" Date="20150217" Time="085716">RemoveJoin EGD_MTNC_FED_A FED_PROV_ID_ABR</Process><Process Name="4) Remove Join Table &lt;&lt;FED_PROV_ID_ABR&gt;&gt;" ToolSource="D:\Desktop10.0\ArcToolbox\Toolboxes\Data Management Tools.tbx\RemoveJoin" Date="20150217" Time="091119">RemoveJoin EGD_MTNC_FED_A FED_PROV_ID_ABR</Process><Process Name="4) Remove Join Table &lt;&lt;FED_PROV_ID_ABR&gt;&gt;" ToolSource="D:\Desktop10.0\ArcToolbox\Toolboxes\Data Management Tools.tbx\RemoveJoin" Date="20150217" Time="092022">RemoveJoin EGD_MTNC_FED_A FED_PROV_ID_ABR</Process><Process Name="4) Remove Join Table &lt;&lt;FED_PROV_ID_ABR&gt;&gt;" ToolSource="D:\Desktop10.0\ArcToolbox\Toolboxes\Data Management Tools.tbx\RemoveJoin" Date="20150217" Time="093106">RemoveJoin EGD_MTNC_FED_A FED_PROV_ID_ABR</Process><Process Name="4) Remove Join Table &lt;&lt;FED_PROV_ID_ABR&gt;&gt;" ToolSource="D:\Desktop10.0\ArcToolbox\Toolboxes\Data Management Tools.tbx\RemoveJoin" Date="20150217" Time="103705">RemoveJoin EGD_MTNC_FED_A FED_PROV_ID_ABR</Process><Process Name="4) Remove Join Table &lt;&lt;FED_PROV_ID_ABR&gt;&gt;" ToolSource="D:\Desktop10.0\ArcToolbox\Toolboxes\Data Management Tools.tbx\RemoveJoin" Date="20150217" Time="104733">RemoveJoin EGD_MTNC_FED_A FED_PROV_ID_ABR</Process><Process Name="4) Remove Join Table &lt;&lt;FED_PROV_ID_ABR&gt;&gt;" ToolSource="D:\Desktop10.0\ArcToolbox\Toolboxes\Data Management Tools.tbx\RemoveJoin" Date="20150217" Time="112507">RemoveJoin EGD_MTNC_FED_A FED_PROV_ID_ABR</Process><Process Name="4) Remove Join Table &lt;&lt;FED_PROV_ID_ABR&gt;&gt;" ToolSource="D:\Desktop10.0\ArcToolbox\Toolboxes\Data Management Tools.tbx\RemoveJoin" Date="20150217" Time="113324">RemoveJoin EGD_MTNC_FED_A FED_PROV_ID_ABR</Process><Process Name="4) Remove Join Table &lt;&lt;FED_PROV_ID_ABR&gt;&gt;" ToolSource="D:\Desktop10.0\ArcToolbox\Toolboxes\Data Management Tools.tbx\RemoveJoin" Date="20150217" Time="125239">RemoveJoin EGD_MTNC_FED_A FED_PROV_ID_ABR</Process><Process Name="4) Remove Join Table &lt;&lt;FED_PROV_ID_ABR&gt;&gt;" ToolSource="D:\Desktop10.0\ArcToolbox\Toolboxes\Data Management Tools.tbx\RemoveJoin" Date="20150217" Time="130610">RemoveJoin EGD_MTNC_FED_A FED_PROV_ID_ABR</Process><Process Name="4) Remove Join Table &lt;&lt;FED_PROV_ID_ABR&gt;&gt;" ToolSource="D:\Desktop10.0\ArcToolbox\Toolboxes\Data Management Tools.tbx\RemoveJoin" Date="20150217" Time="134335">RemoveJoin EGD_MTNC_FED_A FED_PROV_ID_ABR</Process><Process Name="4) Remove Join Table &lt;&lt;FED_PROV_ID_ABR&gt;&gt;" ToolSource="D:\Desktop10.0\ArcToolbox\Toolboxes\Data Management Tools.tbx\RemoveJoin" Date="20150217" Time="135416">RemoveJoin EGD_MTNC_FED_A FED_PROV_ID_ABR</Process><Process Name="4) Remove Join Table &lt;&lt;FED_PROV_ID_ABR&gt;&gt;" ToolSource="D:\Desktop10.0\ArcToolbox\Toolboxes\Data Management Tools.tbx\RemoveJoin" Date="20150217" Time="141428">RemoveJoin EGD_MTNC_FED_A FED_PROV_ID_ABR</Process><Process Name="4) Remove Join Table &lt;&lt;FED_PROV_ID_ABR&gt;&gt;" ToolSource="D:\Desktop10.0\ArcToolbox\Toolboxes\Data Management Tools.tbx\RemoveJoin" Date="20150217" Time="145802">RemoveJoin EGD_MTNC_FED_A FED_PROV_ID_ABR</Process><Process Name="4) Remove Join Table &lt;&lt;FED_PROV_ID_ABR&gt;&gt;" ToolSource="D:\Desktop10.0\ArcToolbox\Toolboxes\Data Management Tools.tbx\RemoveJoin" Date="20150217" Time="150644">RemoveJoin EGD_MTNC_FED_A FED_PROV_ID_ABR</Process><Process Name="4) Remove Join Table &lt;&lt;FED_PROV_ID_ABR&gt;&gt;" ToolSource="D:\Desktop10.0\ArcToolbox\Toolboxes\Data Management Tools.tbx\RemoveJoin" Date="20150217" Time="152803">RemoveJoin EGD_MTNC_FED_A FED_PROV_ID_ABR</Process><Process Name="4) Remove Join Table &lt;&lt;FED_PROV_ID_ABR&gt;&gt;" ToolSource="D:\Desktop10.0\ArcToolbox\Toolboxes\Data Management Tools.tbx\RemoveJoin" Date="20150218" Time="091049">RemoveJoin EGD_MTNC_FED_A FED_PROV_ID_ABR</Process><Process Name="4) Remove Join Table &lt;&lt;FED_PROV_ID_ABR&gt;&gt;" ToolSource="D:\Desktop10.0\ArcToolbox\Toolboxes\Data Management Tools.tbx\RemoveJoin" Date="20150218" Time="104800">RemoveJoin EGD_MTNC_FED_A FED_PROV_ID_ABR</Process><Process Name="4) Remove Join Table &lt;&lt;FED_PROV_ID_ABR&gt;&gt;" ToolSource="D:\Desktop10.0\ArcToolbox\Toolboxes\Data Management Tools.tbx\RemoveJoin" Date="20150218" Time="110929">RemoveJoin EGD_MTNC_FED_A FED_PROV_ID_ABR</Process><Process Name="4) Remove Join Table &lt;&lt;FED_PROV_ID_ABR&gt;&gt;" ToolSource="D:\Desktop10.0\ArcToolbox\Toolboxes\Data Management Tools.tbx\RemoveJoin" Date="20150218" Time="132402">RemoveJoin EGD_MTNC_FED_A FED_PROV_ID_ABR</Process><Process Name="4) Remove Join Table &lt;&lt;FED_PROV_ID_ABR&gt;&gt;" ToolSource="D:\Desktop10.0\ArcToolbox\Toolboxes\Data Management Tools.tbx\RemoveJoin" Date="20150218" Time="140508">RemoveJoin EGD_MTNC_FED_A FED_PROV_ID_ABR</Process><Process Name="4) Remove Join Table &lt;&lt;FED_PROV_ID_ABR&gt;&gt;" ToolSource="D:\Desktop10.0\ArcToolbox\Toolboxes\Data Management Tools.tbx\RemoveJoin" Date="20150218" Time="142222">RemoveJoin EGD_MTNC_FED_A FED_PROV_ID_ABR</Process><Process Name="4) Remove Join Table &lt;&lt;FED_PROV_ID_ABR&gt;&gt;" ToolSource="D:\Desktop10.0\ArcToolbox\Toolboxes\Data Management Tools.tbx\RemoveJoin" Date="20150218" Time="143855">RemoveJoin EGD_MTNC_FED_A FED_PROV_ID_ABR</Process><Process Name="4) Remove Join Table &lt;&lt;FED_PROV_ID_ABR&gt;&gt;" ToolSource="D:\Desktop10.0\ArcToolbox\Toolboxes\Data Management Tools.tbx\RemoveJoin" Date="20150218" Time="144740">RemoveJoin EGD_MTNC_FED_A FED_PROV_ID_ABR</Process><Process Name="4) Remove Join Table &lt;&lt;FED_PROV_ID_ABR&gt;&gt;" ToolSource="C:\Program Files (x86)\ArcGIS\Desktop10.0\ArcToolbox\Toolboxes\Data Management Tools.tbx\RemoveJoin" Date="20160524" Time="135110">RemoveJoin EGD_MTNC_FED_A FED_PROV_ID_ABR</Process><Process Name="4) Remove Join Table &lt;&lt;FED_PROV_ID_ABR&gt;&gt;" ToolSource="C:\Program Files (x86)\ArcGIS\Desktop10.0\ArcToolbox\Toolboxes\Data Management Tools.tbx\RemoveJoin" Date="20160525" Time="091347">RemoveJoin EGD_MTNC_FED_A FED_PROV_ID_ABR</Process><Process ToolSource="c:\program files (x86)\arcgis\desktop10.4\ArcToolbox\Toolboxes\Data Management Tools.tbx\DeleteFeatures" Date="20230810" Time="095639">DeleteFeatures Database\EGD_MTNC.FED_A</Process><Process ToolSource="c:\program files (x86)\arcgis\desktop10.4\ArcToolbox\Toolboxes\Data Management Tools.tbx\Append" Date="20230810" Time="095724">Append FGDB\NGD_FED_A_343 Database\EGD_MTNC.FED_A NO_TEST "FED_NUM "FED_NUM" true false false 4 Long 0 5 ,First,#,FGDB\NGD_FED_A_343,FED_NUM,-1,-1;FED_TYPE "FED_TYPE" true true false 4 Text 0 0 ,First,#,FGDB\NGD_FED_A_343,FED_TYPE,-1,-1;ED_ID "ED_ID" true false false 4 Long 0 8 ,First,#,FGDB\NGD_FED_A_343,ED_ID,-1,-1;ED_NAMEE "ED_NAMEE" true false false 100 Text 0 0 ,First,#,FGDB\NGD_FED_A_343,ED_NAMEE,-1,-1;ED_NAMEF "ED_NAMEF" true false false 100 Text 0 0 ,First,#,FGDB\NGD_FED_A_343,ED_NAMEF,-1,-1;ELCT_CNT "ELCT_CNT" true true false 4 Long 0 6 ,First,#;ED_CHNG_TYP "ED_CHNG_TYP" true true false 40 Text 0 0 ,First,#,FGDB\NGD_FED_A_343,ED_CHNG_TYP,-1,-1;SHAPE.AREA "SHAPE.AREA" false false true 0 Double 0 0 ,First,#;SHAPE.LEN "SHAPE.LEN" false false true 0 Double 0 0 ,First,#" #</Process><Process ToolSource="c:\program files (x86)\arcgis\desktop10.8\ArcToolbox\Toolboxes\Data Management Tools.tbx\DeleteFeatures" Date="20230828" Time="144921">DeleteFeatures EGD_MTNC.FED_A</Process><Process ToolSource="c:\program files (x86)\arcgis\desktop10.8\ArcToolbox\Toolboxes\Data Management Tools.tbx\Append" Date="20230828" Time="145013">Append V:\ngdv2\Infrastructure\Compresses\2023-09-08\FED_TYPE_Update.gdb\NGD_FED_A_343 EGD_MTNC.FED_A NO_TEST "FED_NUM "FED_NUM" true false false 4 Long 0 5 ,First,#,V:\ngdv2\Infrastructure\Compresses\2023-09-08\FED_TYPE_Update.gdb\NGD_FED_A_343,FED_NUM,-1,-1;FED_TYPE "FED_TYPE" true true false 4 Text 0 0 ,First,#,V:\ngdv2\Infrastructure\Compresses\2023-09-08\FED_TYPE_Update.gdb\NGD_FED_A_343,FED_TYPE,-1,-1;ED_ID "ED_ID" true false false 4 Long 0 8 ,First,#,V:\ngdv2\Infrastructure\Compresses\2023-09-08\FED_TYPE_Update.gdb\NGD_FED_A_343,ED_ID,-1,-1;ED_NAMEE "ED_NAMEE" true false false 100 Text 0 0 ,First,#,V:\ngdv2\Infrastructure\Compresses\2023-09-08\FED_TYPE_Update.gdb\NGD_FED_A_343,ED_NAMEE,-1,-1;ED_NAMEF "ED_NAMEF" true false false 100 Text 0 0 ,First,#,V:\ngdv2\Infrastructure\Compresses\2023-09-08\FED_TYPE_Update.gdb\NGD_FED_A_343,ED_NAMEF,-1,-1;ELCT_CNT "ELCT_CNT" true true false 4 Long 0 6 ,First,#;ED_CHNG_TYP "ED_CHNG_TYP" true true false 40 Text 0 0 ,First,#,V:\ngdv2\Infrastructure\Compresses\2023-09-08\FED_TYPE_Update.gdb\NGD_FED_A_343,ED_CHNG_TYP,-1,-1;SHAPE.AREA "SHAPE.AREA" false false true 0 Double 0 0 ,First,#;SHAPE.LEN "SHAPE.LEN" false false true 0 Double 0 0 ,First,#" #</Process><Process ToolSource="c:\program files (x86)\arcgis\desktop10.8\ArcToolbox\Toolboxes\Data Management Tools.tbx\Append" Date="20231020" Time="093053">Append FED_A_24060 EGD_MTNC.FED_A NO_TEST "FED_NUM "FED_NUM" true false false 4 Long 0 5 ,First,#,FED_A_24060,FED_NUM,-1,-1;FED_TYPE "FED_TYPE" true true false 4 Text 0 0 ,First,#,FED_A_24060,FED_TYPE,-1,-1;ED_ID "ED_ID" true false false 4 Long 0 8 ,First,#,FED_A_24060,ED_ID,-1,-1;ED_NAMEE "ED_NAMEE" true false false 100 Text 0 0 ,First,#,FED_A_24060,ED_NAMEE,-1,-1;ED_NAMEF "ED_NAMEF" true false false 100 Text 0 0 ,First,#,FED_A_24060,ED_NAMEF,-1,-1;ELCT_CNT "ELCT_CNT" true true false 4 Long 0 6 ,First,#,FED_A_24060,ELCT_CNT,-1,-1;ED_CHNG_TYP "ED_CHNG_TYP" true true false 40 Text 0 0 ,First,#,FED_A_24060,ED_CHNG_TYP,-1,-1;SHAPE.AREA "SHAPE.AREA" false false true 0 Double 0 0 ,First,#;SHAPE.LEN "SHAPE.LEN" false false true 0 Double 0 0 ,First,#" #</Process><Process ToolSource="c:\program files\arcgis\pro\Resources\ArcToolbox\Toolboxes\Data Management Tools.tbx\UpdateSchema" Date="20240911" Time="151719">UpdateSchema "CIMDATA=&lt;CIMStandardDataConnection xsi:type='typens:CIMStandardDataConnection' xmlns:xsi='http://www.w3.org/2001/XMLSchema-instance' xmlns:xs='http://www.w3.org/2001/XMLSchema' xmlns:typens='http://www.esri.com/schemas/ArcGIS/3.1.0'&gt;&lt;WorkspaceConnectionString&gt;DATABASE=C:\Users\Hdeshpan\OneDrive - BDGE-OCEO\Desktop\FED_A_343_OpenCanada\FED_CA_2023_EN&lt;/WorkspaceConnectionString&gt;&lt;WorkspaceFactory&gt;Shapefile&lt;/WorkspaceFactory&gt;&lt;Dataset&gt;FED_CA_2023_EN.shp&lt;/Dataset&gt;&lt;DatasetType&gt;esriDTFeatureClass&lt;/DatasetType&gt;&lt;/CIMStandardDataConnection&gt;" &lt;operationSequence&gt;&lt;workflow&gt;&lt;AddField&gt;&lt;field_name&gt;REP_ORDER&lt;/field_name&gt;&lt;field_type&gt;TEXT&lt;/field_type&gt;&lt;field_length&gt;4&lt;/field_length&gt;&lt;field_is_nullable&gt;False&lt;/field_is_nullable&gt;&lt;field_is_required&gt;False&lt;/field_is_required&gt;&lt;/AddField&gt;&lt;/workflow&gt;&lt;/operationSequence&gt;</Process><Process ToolSource="c:\program files\arcgis\pro\Resources\ArcToolbox\toolboxes\Data Management Tools.tbx\CalculateField" Date="20240911" Time="151749">CalculateField FED_CA_2023_EN REP_ORDER 2023 "Python 3" # Text NO_ENFORCE_DOMAINS</Process><Process ToolSource="c:\program files\arcgis\pro\Resources\ArcToolbox\toolboxes\Data Management Tools.tbx\Rename" Date="20240912" Time="082613">Rename "C:\Users\Hdeshpan\OneDrive - BDGE-OCEO\Desktop\FED_A_343_OpenCanada\FED_CA_2023_EN\FED_CA_2023_EN.shp" "C:\Users\Hdeshpan\OneDrive - BDGE-OCEO\Desktop\FED_A_343_OpenCanada\FED_CA_2023_EN\FED_CA_2023_EN_test.shp" ShapeFile</Process><Process ToolSource="c:\program files\arcgis\pro\Resources\ArcToolbox\toolboxes\Conversion Tools.tbx\FeatureClassToFeatureClass" Date="20240912" Time="084958">FeatureClassToFeatureClass FED_CA_2023_EN_test "C:\Users\Hdeshpan\OneDrive - BDGE-OCEO\Desktop\FED_A_343_OpenCanada\FED_CA_2023_EN" FED_CA_2023_EN.shp # "FED_NUM "FED_NUM" true true false 5 Long 0 5,First,#,FED_CA_2023_EN,FED_NUM,-1,-1;ED_NAMEE "ED_NAMEE" true true false 100 Text 0 0,First,#,FED_CA_2023_EN,ED_NAMEE,0,100;ED_NAMEF "ED_NAMEF" true true false 100 Text 0 0,First,#,FED_CA_2023_EN,ED_NAMEF,0,100;SHAPE_AREA "SHAPE_AREA" true true false 19 Double 0 0,First,#,FED_CA_2023_EN,SHAPE_AREA,-1,-1;SHAPE_LEN "SHAPE_LEN" true true false 19 Double 0 0,First,#,FED_CA_2023_EN,SHAPE_LEN,-1,-1;REP_ORDER "REP_ORDER" true true false 4 Text 0 0,First,#,FED_CA_2023_EN,REP_ORDER,0,4" #</Process><Process ToolSource="c:\program files (x86)\arcgis\desktop10.8\ArcToolbox\Toolboxes\Conversion Tools.tbx\FeatureClassToFeatureClass" Date="20240912" Time="102226">FeatureClassToFeatureClass FED_CA_2023_EN_TEST2 "C:\Users\Hdeshpan\OneDrive - BDGE-OCEO\Desktop\FED_A_343_OpenCanada\FED_CA_2023_EN" FED_CA_2023_EN.shp # "FED_NUM "FED_NUM" true true false 5 Long 0 5 ,First,#,FED_CA_2023_EN_TEST2,FED_NUM,-1,-1;ED_NAMEE "ED_NAMEE" true true false 100 Text 0 0 ,First,#,FED_CA_2023_EN_TEST2,ED_NAMEE,-1,-1;ED_NAMEF "ED_NAMEF" true true false 100 Text 0 0 ,First,#,FED_CA_2023_EN_TEST2,ED_NAMEF,-1,-1;REP_ORDER "REP_ORDER" true true false 4 Text 0 0 ,First,#,FED_CA_2023_EN_TEST2,REP_ORDER,-1,-1;SHAPE_AREA "SHAPE_AREA" true true false 19 Double 0 0 ,First,#,FED_CA_2023_EN_TEST2,SHAPE_AREA,-1,-1;SHAPE_LEN "SHAPE_LEN" true true false 19 Double 0 0 ,First,#,FED_CA_2023_EN_TEST2,SHAPE_LEN,-1,-1" #</Process><Process ToolSource="c:\program files\arcgis\pro\Resources\ArcToolbox\toolboxes\Conversion Tools.tbx\ExportFeatures" Date="20240913" Time="111037">ExportFeatures FED_CA_2023_EN "C:\Users\Hdeshpan\OneDrive - BDGE-OCEO\Desktop\FED_A_343_OpenCanada\FED_CA_2023_EN\FED_CA_2023_EN_merge.shp" # NOT_USE_ALIAS "FED_NUM "FED_NUM" true true false 5 Long 0 5,First,#,FED_CA_2023_EN,FED_NUM,-1,-1;ED_NAMEE "ED_NAMEE" true true false 100 Text 0 0,First,#,FED_CA_2023_EN,ED_NAMEE,0,100;ED_NAMEF "ED_NAMEF" true true false 100 Text 0 0,First,#,FED_CA_2023_EN,ED_NAMEF,0,100;REP_ORDER "REP_ORDER" true true false 4 Text 0 0,First,#,FED_CA_2023_EN,REP_ORDER,0,4;SHAPE_AREA "SHAPE_AREA" true true false 19 Double 0 0,First,#,FED_CA_2023_EN,SHAPE_AREA,-1,-1;SHAPE_LEN "SHAPE_LEN" true true false 19 Double 0 0,First,#,FED_CA_2023_EN,SHAPE_LEN,-1,-1" "FED_NUM DESCENDING"</Process><Process ToolSource="c:\program files\arcgis\pro\Resources\ArcToolbox\toolboxes\Data Management Tools.tbx\CalculateGeometryAttributes" Date="20240913" Time="111158">CalculateGeometryAttributes FED_CA_2023_EN_merge "SHAPE_AREA AREA" # "Square Kilometers" PROJCS["PCS_Lambert_Conformal_Conic",GEOGCS["GCS_North_American_1983",DATUM["D_North_American_1983",SPHEROID["GRS_1980",6378137.0,298.257222101]],PRIMEM["Greenwich",0.0],UNIT["Degree",0.0174532925199433]],PROJECTION["Lambert_Conformal_Conic"],PARAMETER["False_Easting",6200000.0],PARAMETER["False_Northing",3000000.0],PARAMETER["Central_Meridian",-91.86666666666666],PARAMETER["Standard_Parallel_1",49.0],PARAMETER["Standard_Parallel_2",77.0],PARAMETER["Latitude_Of_Origin",63.390675],UNIT["Meter",1.0]] "Same as input"</Process><Process ToolSource="c:\program files\arcgis\pro\Resources\ArcToolbox\toolboxes\Data Management Tools.tbx\CalculateGeometryAttributes" Date="20240913" Time="112408">CalculateGeometryAttributes FED_CA_2023_EN_merge "SHAPE_AREA AREA" # "Square Meters" PROJCS["PCS_Lambert_Conformal_Conic",GEOGCS["GCS_North_American_1983",DATUM["D_North_American_1983",SPHEROID["GRS_1980",6378137.0,298.257222101]],PRIMEM["Greenwich",0.0],UNIT["Degree",0.0174532925199433]],PROJECTION["Lambert_Conformal_Conic"],PARAMETER["False_Easting",6200000.0],PARAMETER["False_Northing",3000000.0],PARAMETER["Central_Meridian",-91.86666666666666],PARAMETER["Standard_Parallel_1",49.0],PARAMETER["Standard_Parallel_2",77.0],PARAMETER["Latitude_Of_Origin",63.390675],UNIT["Meter",1.0]] "Same as input"</Process><Process ToolSource="c:\program files\arcgis\pro\Resources\ArcToolbox\toolboxes\Data Management Tools.tbx\CalculateGeometryAttributes" Date="20240913" Time="112434">CalculateGeometryAttributes FED_CA_2023_EN_merge "SHAPE_AREA AREA" # "Square Meters" PROJCS["PCS_Lambert_Conformal_Conic",GEOGCS["GCS_North_American_1983",DATUM["D_North_American_1983",SPHEROID["GRS_1980",6378137.0,298.257222101]],PRIMEM["Greenwich",0.0],UNIT["Degree",0.0174532925199433]],PROJECTION["Lambert_Conformal_Conic"],PARAMETER["False_Easting",6200000.0],PARAMETER["False_Northing",3000000.0],PARAMETER["Central_Meridian",-91.86666666666666],PARAMETER["Standard_Parallel_1",49.0],PARAMETER["Standard_Parallel_2",77.0],PARAMETER["Latitude_Of_Origin",63.390675],UNIT["Meter",1.0]] "Same as input"</Process><Process ToolSource="c:\program files\arcgis\pro\Resources\ArcToolbox\toolboxes\Data Management Tools.tbx\CalculateGeometryAttributes" Date="20240913" Time="132912">CalculateGeometryAttributes FED_CA_2023_EN_merge "SHAPE_AREA AREA" # "Square Meters" PROJCS["PCS_Lambert_Conformal_Conic",GEOGCS["GCS_North_American_1983",DATUM["D_North_American_1983",SPHEROID["GRS_1980",6378137.0,298.257222101]],PRIMEM["Greenwich",0.0],UNIT["Degree",0.0174532925199433]],PROJECTION["Lambert_Conformal_Conic"],PARAMETER["False_Easting",6200000.0],PARAMETER["False_Northing",3000000.0],PARAMETER["Central_Meridian",-91.86666666666666],PARAMETER["Standard_Parallel_1",49.0],PARAMETER["Standard_Parallel_2",77.0],PARAMETER["Latitude_Of_Origin",63.390675],UNIT["Meter",1.0]] "Same as input"</Process><Process ToolSource="c:\program files\arcgis\pro\Resources\ArcToolbox\toolboxes\Data Management Tools.tbx\CalculateGeometryAttributes" Date="20240913" Time="132931">CalculateGeometryAttributes FED_CA_2023_EN_merge "SHAPE_LEN PERIMETER_LENGTH" Meters "Square Meters" PROJCS["PCS_Lambert_Conformal_Conic",GEOGCS["GCS_North_American_1983",DATUM["D_North_American_1983",SPHEROID["GRS_1980",6378137.0,298.257222101]],PRIMEM["Greenwich",0.0],UNIT["Degree",0.0174532925199433]],PROJECTION["Lambert_Conformal_Conic"],PARAMETER["False_Easting",6200000.0],PARAMETER["False_Northing",3000000.0],PARAMETER["Central_Meridian",-91.86666666666666],PARAMETER["Standard_Parallel_1",49.0],PARAMETER["Standard_Parallel_2",77.0],PARAMETER["Latitude_Of_Origin",63.390675],UNIT["Meter",1.0]] "Same as input"</Process><Process ToolSource="c:\program files (x86)\arcgis\desktop10.8\ArcToolbox\Toolboxes\Data Management Tools.tbx\Sort" Date="20240913" Time="134910">Sort FED_CA_2023_EN_merge "C:\Users\Hdeshpan\OneDrive - BDGE-OCEO\Desktop\FED_A_343_OpenCanada\FED_CA_2023_EN\FED_CA_2023_EN_merge_sort.shp" "FED_NUM ASCENDING" UR</Process></lineage><itemProps><itemName Sync="TRUE">FED_CA_2023_EN_merge_sort</itemName><imsContentType Sync="TRUE">002</imsContentType><itemSize Sync="TRUE">0.000</itemSize><itemLocation><linkage Sync="TRUE">file://\\L124062\C$\Users\Hdeshpan\OneDrive - BDGE-OCEO\Desktop\FED_A_343_OpenCanada\FED_CA_2023_EN\FED_CA_2023_EN_merge_sort.shp</linkage><protocol Sync="TRUE">Local Area Network</protocol></itemLocation></itemProps><coordRef><type Sync="TRUE">Projected</type><geogcsn Sync="TRUE">GCS_North_American_1983</geogcsn><csUnits Sync="TRUE">Linear Unit: Meter (1.000000)</csUnits><projcsn Sync="TRUE">PCS_Lambert_Conformal_Conic</projcsn><peXml Sync="TRUE">&lt;ProjectedCoordinateSystem xsi:type='typens:ProjectedCoordinateSystem' xmlns:xsi='http://www.w3.org/2001/XMLSchema-instance' xmlns:xs='http://www.w3.org/2001/XMLSchema' xmlns:typens='http://www.esri.com/schemas/ArcGIS/10.8'&gt;&lt;WKT&gt;PROJCS[&amp;quot;PCS_Lambert_Conformal_Conic&amp;quot;,GEOGCS[&amp;quot;GCS_North_American_1983&amp;quot;,DATUM[&amp;quot;D_North_American_1983&amp;quot;,SPHEROID[&amp;quot;GRS_1980&amp;quot;,6378137.0,298.257222101]],PRIMEM[&amp;quot;Greenwich&amp;quot;,0.0],UNIT[&amp;quot;Degree&amp;quot;,0.0174532925199433]],PROJECTION[&amp;quot;Lambert_Conformal_Conic&amp;quot;],PARAMETER[&amp;quot;False_Easting&amp;quot;,6200000.0],PARAMETER[&amp;quot;False_Northing&amp;quot;,3000000.0],PARAMETER[&amp;quot;Central_Meridian&amp;quot;,-91.86666666666666],PARAMETER[&amp;quot;Standard_Parallel_1&amp;quot;,49.0],PARAMETER[&amp;quot;Standard_Parallel_2&amp;quot;,77.0],PARAMETER[&amp;quot;Latitude_Of_Origin&amp;quot;,63.390675],UNIT[&amp;quot;Meter&amp;quot;,1.0]]&lt;/WKT&gt;&lt;XOrigin&gt;-28455800&lt;/XOrigin&gt;&lt;YOrigin&gt;-28572600&lt;/YOrigin&gt;&lt;XYScale&gt;129952262.74881823&lt;/XYScale&gt;&lt;ZOrigin&gt;-100000&lt;/ZOrigin&gt;&lt;ZScale&gt;10000&lt;/ZScale&gt;&lt;MOrigin&gt;-100000&lt;/MOrigin&gt;&lt;MScale&gt;10000&lt;/MScale&gt;&lt;XYTolerance&gt;0.001&lt;/XYTolerance&gt;&lt;ZTolerance&gt;0.001&lt;/ZTolerance&gt;&lt;MTolerance&gt;0.001&lt;/MTolerance&gt;&lt;HighPrecision&gt;true&lt;/HighPrecision&gt;&lt;/ProjectedCoordinateSystem&gt;</peXml></coordRef></DataProperties><SyncDate>20240913</SyncDate><SyncTime>13490900</SyncTime><ModDate>20240913</ModDate><ModTime>13490900</ModTime></Esri><dataIdInfo><envirDesc Sync="TRUE"> Version 6.2 (Build 9200) ; Esri ArcGIS 10.9.1.28388</envirDesc><dataLang><languageCode value="eng" Sync="TRUE"></languageCode><countryCode value="CAN" Sync="TRUE"></countryCode></dataLang><idCitation><resTitle Sync="TRUE">FED_CA_2023_EN_merge_sort</resTitle><presForm><PresFormCd value="005" Sync="TRUE"></PresFormCd></presForm></idCitation><spatRpType><SpatRepTypCd value="001" Sync="TRUE"></SpatRepTypCd></spatRpType></dataIdInfo><mdLang><languageCode value="eng" Sync="TRUE"></languageCode><countryCode value="CAN" Sync="TRUE"></countryCode></mdLang><mdChar><CharSetCd value="004" Sync="TRUE"></CharSetCd></mdChar><distInfo><distFormat><formatName Sync="TRUE">Shapefile</formatName></distFormat><distTranOps><transSize Sync="TRUE">0.000</transSize></distTranOps></distInfo><mdHrLv><ScopeCd value="005" Sync="TRUE"></ScopeCd></mdHrLv><mdHrLvName Sync="TRUE">dataset</mdHrLvName><refSysInfo><RefSystem><refSysID><identCode code="0" Sync="TRUE"></identCode></refSysID></RefSystem></refSysInfo><spatRepInfo><VectSpatRep><geometObjs Name="FED_CA_2023_EN_merge_sort"><geoObjTyp><GeoObjTypCd value="002" Sync="TRUE"></GeoObjTypCd></geoObjTyp><geoObjCnt Sync="TRUE">0</geoObjCnt></geometObjs><topLvl><TopoLevCd value="001" Sync="TRUE"></TopoLevCd></topLvl></VectSpatRep></spatRepInfo><spdoinfo><ptvctinf><esriterm Name="FED_CA_2023_EN_merge_sort"><efeatyp Sync="TRUE">Simple</efeatyp><efeageom code="4" Sync="TRUE"></efeageom><esritopo Sync="TRUE">FALSE</esritopo><efeacnt Sync="TRUE">0</efeacnt><spindex Sync="TRUE">FALSE</spindex><linrefer Sync="TRUE">FALSE</linrefer></esriterm></ptvctinf></spdoinfo><eainfo><detailed Name="FED_CA_2023_EN_merge_sort"><enttyp><enttypl Sync="TRUE">FED_CA_2023_EN_merge_sort</enttypl><enttypt Sync="TRUE">Feature Class</enttypt><enttypc Sync="TRUE">0</enttypc></enttyp><attr><attrlabl Sync="TRUE">FID</attrlabl><attalias Sync="TRUE">FID</attalias><attrtype Sync="TRUE">OID</attrtype><attwidth Sync="TRUE">4</attwidth><atprecis Sync="TRUE">0</atprecis><attscale Sync="TRUE">0</attscale><attrdef Sync="TRUE">Internal feature number.</attrdef><attrdefs Sync="TRUE">Esri</attrdefs><attrdomv><udom Sync="TRUE">Sequential unique whole numbers that are automatically generated.</udom></attrdomv></attr><attr><attrlabl Sync="TRUE">Shape</attrlabl><attalias Sync="TRUE">Shape</attalias><attrtype Sync="TRUE">Geometry</attrtype><attwidth Sync="TRUE">0</attwidth><atprecis Sync="TRUE">0</atprecis><attscale Sync="TRUE">0</attscale><attrdef Sync="TRUE">Feature geometry.</attrdef><attrdefs Sync="TRUE">Esri</attrdefs><attrdomv><udom Sync="TRUE">Coordinates defining the features.</udom></attrdomv></attr><attr><attrlabl Sync="TRUE">FED_NUM</attrlabl><attalias Sync="TRUE">FED_NUM</attalias><attrtype Sync="TRUE">Integer</attrtype><attwidth Sync="TRUE">5</attwidth><atprecis Sync="TRUE">5</atprecis><attscale Sync="TRUE">0</attscale></attr><attr><attrlabl Sync="TRUE">ED_NAMEE</attrlabl><attalias Sync="TRUE">ED_NAMEE</attalias><attrtype Sync="TRUE">String</attrtype><attwidth Sync="TRUE">100</attwidth><atprecis Sync="TRUE">0</atprecis><attscale Sync="TRUE">0</attscale></attr><attr><attrlabl Sync="TRUE">ED_NAMEF</attrlabl><attalias Sync="TRUE">ED_NAMEF</attalias><attrtype Sync="TRUE">String</attrtype><attwidth Sync="TRUE">100</attwidth><atprecis Sync="TRUE">0</atprecis><attscale Sync="TRUE">0</attscale></attr><attr><attrlabl Sync="TRUE">SHAPE_AREA</attrlabl><attalias Sync="TRUE">SHAPE_AREA</attalias><attrtype Sync="TRUE">Double</attrtype><attwidth Sync="TRUE">19</attwidth><atprecis Sync="TRUE">0</atprecis><attscale Sync="TRUE">0</attscale><attrdef Sync="TRUE">Area of feature in internal units squared.</attrdef><attrdefs Sync="TRUE">Esri</attrdefs><attrdomv><udom Sync="TRUE">Positive real numbers that are automatically generated.</udom></attrdomv></attr><attr><attrlabl Sync="TRUE">SHAPE_LEN</attrlabl><attalias Sync="TRUE">SHAPE_LEN</attalias><attrtype Sync="TRUE">Double</attrtype><attwidth Sync="TRUE">19</attwidth><atprecis Sync="TRUE">0</atprecis><attscale Sync="TRUE">0</attscale></attr><attr><attrlabl Sync="TRUE">REP_ORDER</attrlabl><attalias Sync="TRUE">REP_ORDER</attalias><attrtype Sync="TRUE">String</attrtype><attwidth Sync="TRUE">4</attwidth><atprecis Sync="TRUE">0</atprecis><attscale Sync="TRUE">0</attscale></attr></detailed></eainfo><mdDateSt Sync="TRUE">20240913</mdDateSt></metadata>
